before_label_1,before_label_2,after_label_1,after_label_2,old_entities,new_entities,sheet_name
PERSON,ORG,LOC,ORG,LOC,LOC,Madhu Tejasvi_8
LOC,PERSON,ORG,ORG,LOC,LOC,Madhu Tejasvi_8
LOC,LOC,ORG,DATE,ORG,ORG,Madhu Tejasvi_8
ORG,LOC,DATE,GPE,ORG,ORG,Madhu Tejasvi_8
ORG,ORG,GPE,ORG,DATE,DATE,Madhu Tejasvi_8
DATE,ORG,ORG,ORG,GPE,GPE,Madhu Tejasvi_8
GPE,DATE,ORG,DATE,ORG,ORG,Madhu Tejasvi_8
ORG,GPE,DATE,TIME,ORG,ORG,Madhu Tejasvi_8
ORG,ORG,TIME,CARDINAL,DATE,DATE,Madhu Tejasvi_8
DATE,ORG,CARDINAL,CARDINAL,TIME,TIME,Madhu Tejasvi_8
TIME,DATE,CARDINAL,CARDINAL,CARDINAL,CARDINAL,Madhu Tejasvi_8
ORG,GPE,ORG,PERCENT,ORG,ORG,Madhu Tejasvi_9
ORG,ORG,PERCENT,PERSON,ORG,ORG,Madhu Tejasvi_9
ORG,ORG,PERSON,ORG,PERCENT,PERCENT,Madhu Tejasvi_9
ORG,PERSON,GPE,GPE,GPE,GPE,Madhu Tejasvi_9
GPE,ORG,GPE,PERSON,GPE,GPE,Madhu Tejasvi_9
GPE,GPE,PERSON,GPE,GPE,GPE,Madhu Tejasvi_9
ORG,GPE,DATE,TIME,PERSON,PERSON,Madhu Tejasvi_9
PERSON,ORG,TIME,MONEY,DATE,DATE,Madhu Tejasvi_9
DATE,PERSON,MONEY,FAC,TIME,TIME,Madhu Tejasvi_9
TIME,DATE,FAC,CARDINAL,MONEY,MONEY,Madhu Tejasvi_9
MONEY,TIME,CARDINAL,ORG,FAC,FAC,Madhu Tejasvi_9
ORG,PERSON,GPE,CARDINAL,NORP,NORP,Madhu Tejasvi_10
GPE,NORP,GPE,GPE,CARDINAL,CARDINAL,Madhu Tejasvi_10
CARDINAL,GPE,GPE,GPE,GPE,GPE,Madhu Tejasvi_10
GPE,CARDINAL,GPE,PERSON,GPE,GPE,Madhu Tejasvi_10
GPE,GPE,PERSON,ORG,GPE,GPE,Madhu Tejasvi_10
GPE,GPE,ORG,CARDINAL,PERSON,PERSON,Madhu Tejasvi_10
ORG,PERSON,ORG,PERSON,CARDINAL,CARDINAL,Madhu Tejasvi_10
CARDINAL,ORG,PERSON,CARDINAL,ORG,ORG,Madhu Tejasvi_10
ORG,CARDINAL,CARDINAL,CARDINAL,PERSON,PERSON,Madhu Tejasvi_10
PERSON,ORG,CARDINAL,CARDINAL,CARDINAL,CARDINAL,Madhu Tejasvi_10
CARDINAL,PERSON,CARDINAL,CARDINAL,CARDINAL,CARDINAL,Madhu Tejasvi_10
ORG,GPE,ORG,NORP,GPE,GPE,Madhu Tejasvi_11
ORG,NORP,ORG,ORG,ORG,ORG,Madhu Tejasvi_11
ORG,ORG,ORG,PRODUCT,ORG,ORG,Madhu Tejasvi_11
ORG,ORG,PRODUCT,PERSON,ORG,ORG,Madhu Tejasvi_11
ORG,ORG,PERSON,ORG,PRODUCT,PRODUCT,Madhu Tejasvi_11
PRODUCT,ORG,ORG,DATE,PERSON,PERSON,Madhu Tejasvi_11
PERSON,PRODUCT,DATE,DATE,ORG,ORG,Madhu Tejasvi_11
ORG,PERSON,DATE,DATE,DATE,DATE,Madhu Tejasvi_11
DATE,ORG,DATE,DATE,DATE,DATE,Madhu Tejasvi_11
DATE,DATE,DATE,ORG,DATE,DATE,Madhu Tejasvi_11
DATE,DATE,ORG,EVENT,DATE,DATE,Madhu Tejasvi_11
WORK_OF_ART,GPE,PRODUCT,ORG,ORG,ORG,Madhu Tejasvi_13
ORG,WORK_OF_ART,ORG,ORG,PRODUCT,PRODUCT,Madhu Tejasvi_13
PRODUCT,ORG,ORG,CARDINAL,ORG,ORG,Madhu Tejasvi_13
ORG,PRODUCT,CARDINAL,CARDINAL,ORG,ORG,Madhu Tejasvi_13
ORG,ORG,CARDINAL,ORG,CARDINAL,CARDINAL,Madhu Tejasvi_13
CARDINAL,ORG,ORG,CARDINAL,CARDINAL,CARDINAL,Madhu Tejasvi_13
CARDINAL,CARDINAL,CARDINAL,PERSON,ORG,ORG,Madhu Tejasvi_13
ORG,CARDINAL,PERSON,DATE,CARDINAL,CARDINAL,Madhu Tejasvi_13
CARDINAL,ORG,DATE,DATE,PERSON,PERSON,Madhu Tejasvi_13
PERSON,CARDINAL,DATE,DATE,DATE,DATE,Madhu Tejasvi_13
DATE,PERSON,DATE,ORDINAL,DATE,DATE,Madhu Tejasvi_13
ORG,CARDINAL,ORG,ORG,ORG,ORG,Madhu Tejasvi_15
ORG,ORG,ORG,ORG,ORG,ORG,Madhu Tejasvi_15
ORG,ORG,ORG,ORG,ORG,ORG,Madhu Tejasvi_15
ORG,ORG,ORG,FAC,ORG,ORG,Madhu Tejasvi_15
ORG,ORG,FAC,ORG,ORG,ORG,Madhu Tejasvi_15
ORG,ORG,ORG,ORG,FAC,FAC,Madhu Tejasvi_15
FAC,ORG,ORG,ORG,ORG,ORG,Madhu Tejasvi_15
ORG,FAC,ORG,ORG,ORG,ORG,Madhu Tejasvi_15
ORG,ORG,ORG,ORG,ORG,ORG,Madhu Tejasvi_15
ORG,ORG,ORG,ORG,ORG,ORG,Madhu Tejasvi_15
ORG,ORG,ORG,DATE,ORG,ORG,Madhu Tejasvi_15
ORG,ORG,GPE,GPE,GPE,GPE,Madhu Tejasvi_17
GPE,ORG,GPE,GPE,GPE,GPE,Madhu Tejasvi_17
GPE,GPE,GPE,PERSON,GPE,GPE,Madhu Tejasvi_17
GPE,GPE,PERSON,ORG,GPE,GPE,Madhu Tejasvi_17
PERSON,GPE,NORP,ORG,ORG,ORG,Madhu Tejasvi_17
ORG,PERSON,ORG,DATE,NORP,NORP,Madhu Tejasvi_17
NORP,ORG,DATE,ORG,ORG,ORG,Madhu Tejasvi_17
ORG,NORP,ORG,LOC,DATE,DATE,Madhu Tejasvi_17
DATE,ORG,LOC,PERSON,ORG,ORG,Madhu Tejasvi_17
ORG,DATE,PERSON,ORG,LOC,LOC,Madhu Tejasvi_17
LOC,ORG,ORG,CARDINAL,PERSON,PERSON,Madhu Tejasvi_17
GPE,ORG,WORK_OF_ART,WORK_OF_ART,GPE,GPE,Dustin Alexander_3
GPE,GPE,WORK_OF_ART,DATE,WORK_OF_ART,WORK_OF_ART,Dustin Alexander_3
WORK_OF_ART,GPE,DATE,DATE,WORK_OF_ART,WORK_OF_ART,Dustin Alexander_3
WORK_OF_ART,WORK_OF_ART,DATE,DATE,DATE,DATE,Dustin Alexander_3
DATE,WORK_OF_ART,DATE,ORG,DATE,DATE,Dustin Alexander_3
DATE,DATE,ORG,DATE,DATE,DATE,Dustin Alexander_3
DATE,DATE,DATE,PERSON,ORG,ORG,Dustin Alexander_3
ORG,DATE,PERSON,ORG,DATE,DATE,Dustin Alexander_3
ORG,PERSON,DATE,DATE,CARDINAL,CARDINAL,Dustin Alexander_3
CARDINAL,ORG,DATE,DATE,DATE,DATE,Dustin Alexander_3
DATE,CARDINAL,DATE,PERSON,DATE,DATE,Dustin Alexander_3
CARDINAL,ORG,ORG,GPE,ORG,ORG,Dustin Alexander_6
ORG,CARDINAL,GPE,ORG,ORG,ORG,Dustin Alexander_6
ORG,ORG,ORG,GPE,GPE,GPE,Dustin Alexander_6
GPE,ORG,GPE,GPE,ORG,ORG,Dustin Alexander_6
ORG,GPE,GPE,ORG,GPE,GPE,Dustin Alexander_6
GPE,ORG,ORG,ORG,GPE,GPE,Dustin Alexander_6
GPE,GPE,ORG,GPE,ORG,ORG,Dustin Alexander_6
ORG,GPE,GPE,ORG,ORG,ORG,Dustin Alexander_6
ORG,ORG,ORG,ORG,GPE,GPE,Dustin Alexander_6
GPE,ORG,ORG,GPE,ORG,ORG,Dustin Alexander_6
ORG,GPE,GPE,ORDINAL,ORG,ORG,Dustin Alexander_6
CARDINAL,ORG,ORG,ORG,ORG,ORG,Dustin Alexander_7
ORG,CARDINAL,ORG,ORG,ORG,ORG,Dustin Alexander_7
ORG,ORG,ORG,ORG,ORG,ORG,Dustin Alexander_7
ORG,ORG,ORG,ORG,ORG,ORG,Dustin Alexander_7
ORG,ORG,ORG,FAC,ORG,ORG,Dustin Alexander_7
ORG,ORG,FAC,ORG,ORG,ORG,Dustin Alexander_7
ORG,ORG,ORG,ORG,FAC,FAC,Dustin Alexander_7
FAC,ORG,ORG,ORG,ORG,ORG,Dustin Alexander_7
ORG,FAC,ORG,ORG,ORG,ORG,Dustin Alexander_7
ORG,ORG,ORG,ORG,ORG,ORG,Dustin Alexander_7
ORG,ORG,ORG,CARDINAL,ORG,ORG,Dustin Alexander_7
CARDINAL,CARDINAL,FAC,PRODUCT,PERSON,PERSON,Dustin Alexander_8
ORG,PERSON,ORG,ORG,WORK_OF_ART,WORK_OF_ART,Dustin Alexander_10
WORK_OF_ART,ORG,ORG,ORG,ORG,ORG,Dustin Alexander_10
ORG,WORK_OF_ART,ORG,WORK_OF_ART,ORG,ORG,Dustin Alexander_10
ORG,ORG,WORK_OF_ART,PERSON,ORG,ORG,Dustin Alexander_10
ORG,ORG,PERSON,ORG,WORK_OF_ART,WORK_OF_ART,Dustin Alexander_10
WORK_OF_ART,ORG,ORG,WORK_OF_ART,PERSON,PERSON,Dustin Alexander_10
PERSON,WORK_OF_ART,WORK_OF_ART,PERSON,ORG,ORG,Dustin Alexander_10
ORG,PERSON,PERSON,ORG,WORK_OF_ART,WORK_OF_ART,Dustin Alexander_10
WORK_OF_ART,ORG,ORG,PERSON,PERSON,PERSON,Dustin Alexander_10
PERSON,WORK_OF_ART,PERSON,WORK_OF_ART,ORG,ORG,Dustin Alexander_10
ORG,PERSON,WORK_OF_ART,ORG,PERSON,PERSON,Dustin Alexander_10
ORG,PRODUCT,PERSON,GPE,PRODUCT,PRODUCT,Dustin Alexander_14
PRODUCT,ORG,GPE,DATE,PERSON,PERSON,Dustin Alexander_14
PERSON,PRODUCT,DATE,NORP,GPE,GPE,Dustin Alexander_14
GPE,PERSON,NORP,GPE,DATE,DATE,Dustin Alexander_14
NORP,DATE,DATE,ORG,GPE,GPE,Dustin Alexander_14
GPE,NORP,ORG,ORG,DATE,DATE,Dustin Alexander_14
DATE,GPE,ORG,GPE,ORG,ORG,Dustin Alexander_14
ORG,DATE,GPE,GPE,ORG,ORG,Dustin Alexander_14
ORG,ORG,GPE,DATE,GPE,GPE,Dustin Alexander_14
GPE,ORG,DATE,PERSON,GPE,GPE,Dustin Alexander_14
GPE,GPE,PERSON,ORG,DATE,DATE,Dustin Alexander_14
ORG,ORG,ORG,PRODUCT,ORG,ORG,Dustin Alexander_15
ORG,ORG,PRODUCT,ORG,ORG,ORG,Dustin Alexander_15
ORG,ORG,ORG,ORG,PRODUCT,PRODUCT,Dustin Alexander_15
PRODUCT,ORG,ORG,ORG,ORG,ORG,Dustin Alexander_15
ORG,PRODUCT,ORG,ORG,ORG,ORG,Dustin Alexander_15
ORG,ORG,ORG,PERSON,ORG,ORG,Dustin Alexander_15
ORG,ORG,PERSON,ORG,ORG,ORG,Dustin Alexander_15
PERSON,ORG,ORG,ORG,ORG,ORG,Dustin Alexander_15
ORG,PERSON,ORG,PERSON,ORG,ORG,Dustin Alexander_15
ORG,ORG,PERSON,PERSON,ORG,ORG,Dustin Alexander_15
ORG,ORG,PERSON,ORG,PERSON,PERSON,Dustin Alexander_15
ORG,ORG,ORG,ORG,ORG,ORG,Dustin Alexander_17
ORG,ORG,ORG,PERSON,ORG,ORG,Dustin Alexander_17
ORG,ORG,PERSON,PERSON,ORG,ORG,Dustin Alexander_17
ORG,ORG,PERSON,CARDINAL,PERSON,PERSON,Dustin Alexander_17
PERSON,ORG,CARDINAL,ORG,PERSON,PERSON,Dustin Alexander_17
PERSON,PERSON,ORG,ORG,CARDINAL,CARDINAL,Dustin Alexander_17
CARDINAL,PERSON,ORG,ORG,ORG,ORG,Dustin Alexander_17
ORG,CARDINAL,ORG,ORG,ORG,ORG,Dustin Alexander_17
ORG,ORG,ORG,ORG,ORG,ORG,Dustin Alexander_17
ORG,ORG,ORG,GPE,ORG,ORG,Dustin Alexander_17
ORG,ORG,GPE,CARDINAL,ORG,ORG,Dustin Alexander_17
PERSON,ORG,ORG,ORG,ORG,ORG,Dustin Alexander_18
ORG,PERSON,ORG,ORG,ORG,ORG,Dustin Alexander_18
ORG,ORG,ORG,PERSON,ORG,ORG,Dustin Alexander_18
ORG,ORG,PERSON,PRODUCT,ORG,ORG,Dustin Alexander_18
PERSON,ORG,ORG,PERSON,PRODUCT,PRODUCT,Dustin Alexander_18
PRODUCT,PERSON,PERSON,GPE,ORG,ORG,Dustin Alexander_18
ORG,PRODUCT,GPE,PERSON,PERSON,PERSON,Dustin Alexander_18
PERSON,ORG,PERSON,ORG,GPE,GPE,Dustin Alexander_18
GPE,PERSON,ORG,CARDINAL,PERSON,PERSON,Dustin Alexander_18
PERSON,GPE,CARDINAL,CARDINAL,ORG,ORG,Dustin Alexander_18
ORG,PERSON,CARDINAL,ORG,CARDINAL,CARDINAL,Dustin Alexander_18
ORG,ORG,ORG,ORG,WORK_OF_ART,WORK_OF_ART,Dustin Alexander_19
WORK_OF_ART,ORG,ORG,WORK_OF_ART,ORG,ORG,Dustin Alexander_19
ORG,WORK_OF_ART,WORK_OF_ART,ORG,ORG,ORG,Dustin Alexander_19
ORG,ORG,ORG,ORG,WORK_OF_ART,WORK_OF_ART,Dustin Alexander_19
WORK_OF_ART,ORG,ORG,ORG,ORG,ORG,Dustin Alexander_19
ORG,WORK_OF_ART,ORG,WORK_OF_ART,ORG,ORG,Dustin Alexander_19
ORG,ORG,WORK_OF_ART,PERSON,ORG,ORG,Dustin Alexander_19
ORG,ORG,PERSON,ORG,WORK_OF_ART,WORK_OF_ART,Dustin Alexander_19
PERSON,WORK_OF_ART,ORG,ORG,ORG,ORG,Dustin Alexander_19
ORG,PERSON,ORG,DATE,ORG,ORG,Dustin Alexander_19
ORG,ORG,DATE,ORG,ORG,ORG,Dustin Alexander_19
ORG,DATE,WORK_OF_ART,DATE,DATE,DATE,Dustin Alexander_20
DATE,ORG,DATE,CARDINAL,WORK_OF_ART,WORK_OF_ART,Dustin Alexander_20
WORK_OF_ART,DATE,CARDINAL,DATE,DATE,DATE,Dustin Alexander_20
DATE,WORK_OF_ART,DATE,ORG,CARDINAL,CARDINAL,Dustin Alexander_20
CARDINAL,DATE,ORG,PERSON,DATE,DATE,Dustin Alexander_20
DATE,CARDINAL,PERSON,CARDINAL,ORG,ORG,Dustin Alexander_20
PERSON,ORG,PERSON,DATE,CARDINAL,CARDINAL,Dustin Alexander_20
CARDINAL,PERSON,DATE,PERSON,PERSON,PERSON,Dustin Alexander_20
PERSON,CARDINAL,PERSON,PERSON,DATE,DATE,Dustin Alexander_20
DATE,PERSON,PERSON,PERSON,PERSON,PERSON,Dustin Alexander_20
PERSON,DATE,PERSON,PERSON,PERSON,PERSON,Dustin Alexander_20
PERSON,ORG,GPE,ORG,FAC,FAC,Daniel Rickenson_2
FAC,PERSON,ORG,PERSON,GPE,GPE,Daniel Rickenson_2
GPE,FAC,PERSON,ORG,ORG,ORG,Daniel Rickenson_2
ORG,GPE,ORG,ORG,PERSON,PERSON,Daniel Rickenson_2
PERSON,ORG,ORG,CARDINAL,ORG,ORG,Daniel Rickenson_2
ORG,PERSON,CARDINAL,CARDINAL,ORG,ORG,Daniel Rickenson_2
ORG,ORG,CARDINAL,PERSON,CARDINAL,CARDINAL,Daniel Rickenson_2
CARDINAL,ORG,PERSON,PERSON,CARDINAL,CARDINAL,Daniel Rickenson_2
CARDINAL,CARDINAL,PERSON,CARDINAL,PERSON,PERSON,Daniel Rickenson_2
PERSON,CARDINAL,CARDINAL,CARDINAL,PERSON,PERSON,Daniel Rickenson_2
PERSON,PERSON,CARDINAL,DATE,CARDINAL,CARDINAL,Daniel Rickenson_2
WORK_OF_ART,ORG,CARDINAL,CARDINAL,ORG,ORG,Daniel Rickenson_3
ORG,WORK_OF_ART,CARDINAL,PERSON,CARDINAL,CARDINAL,Daniel Rickenson_3
CARDINAL,ORG,PERSON,PERSON,CARDINAL,CARDINAL,Daniel Rickenson_3
CARDINAL,CARDINAL,PERSON,CARDINAL,PERSON,PERSON,Daniel Rickenson_3
PERSON,PERSON,PERSON,LAW,CARDINAL,CARDINAL,Daniel Rickenson_3
CARDINAL,PERSON,LAW,CARDINAL,PERSON,PERSON,Daniel Rickenson_3
PERSON,CARDINAL,CARDINAL,CARDINAL,LAW,LAW,Daniel Rickenson_3
LAW,PERSON,CARDINAL,CARDINAL,CARDINAL,CARDINAL,Daniel Rickenson_3
CARDINAL,LAW,CARDINAL,DATE,CARDINAL,CARDINAL,Daniel Rickenson_3
CARDINAL,CARDINAL,DATE,PERSON,CARDINAL,CARDINAL,Daniel Rickenson_3
CARDINAL,CARDINAL,PERSON,PERSON,DATE,DATE,Daniel Rickenson_3
ORG,ORG,NORP,QUANTITY,ORG,ORG,Daniel Rickenson_7
ORG,ORG,QUANTITY,ORG,NORP,NORP,Daniel Rickenson_7
NORP,ORG,ORG,CARDINAL,QUANTITY,QUANTITY,Daniel Rickenson_7
QUANTITY,NORP,CARDINAL,QUANTITY,ORG,ORG,Daniel Rickenson_7
ORG,QUANTITY,QUANTITY,ORG,CARDINAL,CARDINAL,Daniel Rickenson_7
CARDINAL,ORG,ORG,QUANTITY,QUANTITY,QUANTITY,Daniel Rickenson_7
QUANTITY,CARDINAL,QUANTITY,FAC,ORG,ORG,Daniel Rickenson_7
ORG,QUANTITY,FAC,PRODUCT,QUANTITY,QUANTITY,Daniel Rickenson_7
QUANTITY,ORG,PRODUCT,DATE,FAC,FAC,Daniel Rickenson_7
FAC,QUANTITY,DATE,PRODUCT,PRODUCT,PRODUCT,Daniel Rickenson_7
PRODUCT,FAC,PRODUCT,ORG,DATE,DATE,Daniel Rickenson_7
CARDINAL,ORG,ORG,ORG,ORG,ORG,Daniel Rickenson_8
ORG,CARDINAL,ORG,ORG,ORG,ORG,Daniel Rickenson_8
ORG,ORG,ORG,ORG,ORG,ORG,Daniel Rickenson_8
ORG,ORG,ORG,DATE,ORG,ORG,Daniel Rickenson_8
ORG,ORG,DATE,MONEY,ORG,ORG,Daniel Rickenson_8
ORG,ORG,MONEY,PERCENT,DATE,DATE,Daniel Rickenson_8
DATE,ORG,PERCENT,PERCENT,MONEY,MONEY,Daniel Rickenson_8
MONEY,DATE,PERCENT,CARDINAL,PERCENT,PERCENT,Daniel Rickenson_8
PERCENT,MONEY,CARDINAL,ORG,PERCENT,PERCENT,Daniel Rickenson_8
PERCENT,PERCENT,ORG,PERCENT,CARDINAL,CARDINAL,Daniel Rickenson_8
CARDINAL,PERCENT,PERCENT,ORG,ORG,ORG,Daniel Rickenson_8
ORG,ORG,WORK_OF_ART,ORG,ORG,ORG,Daniel Rickenson_9
ORG,ORG,ORG,ORG,WORK_OF_ART,WORK_OF_ART,Daniel Rickenson_9
WORK_OF_ART,ORG,ORG,WORK_OF_ART,ORG,ORG,Daniel Rickenson_9
ORG,WORK_OF_ART,WORK_OF_ART,ORG,ORG,ORG,Daniel Rickenson_9
ORG,ORG,ORG,ORG,WORK_OF_ART,WORK_OF_ART,Daniel Rickenson_9
WORK_OF_ART,ORG,ORG,ORG,ORG,ORG,Daniel Rickenson_9
ORG,WORK_OF_ART,ORG,PERSON,ORG,ORG,Daniel Rickenson_9
ORG,ORG,PERSON,ORG,ORG,ORG,Daniel Rickenson_9
PERSON,ORG,ORG,ORG,ORG,ORG,Daniel Rickenson_9
ORG,PERSON,ORG,ORG,ORG,ORG,Daniel Rickenson_9
ORG,ORG,ORG,ORG,ORG,ORG,Daniel Rickenson_9
ORG,ORG,PERSON,ORG,ORG,ORG,Daniel Rickenson_11
PERSON,ORG,ORG,ORG,ORG,ORG,Daniel Rickenson_11
ORG,PERSON,ORG,ORG,ORG,ORG,Daniel Rickenson_11
ORG,ORG,ORG,ORG,ORG,ORG,Daniel Rickenson_11
ORG,ORG,ORG,PERSON,ORG,ORG,Daniel Rickenson_11
ORG,ORG,PERSON,ORG,ORG,ORG,Daniel Rickenson_11
ORG,ORG,ORG,PERSON,PERSON,PERSON,Daniel Rickenson_11
PERSON,ORG,PERSON,ORG,ORG,ORG,Daniel Rickenson_11
PERSON,ORG,ORG,ORG,ORG,ORG,Daniel Rickenson_11
ORG,PERSON,ORG,ORG,ORG,ORG,Daniel Rickenson_11
ORG,ORG,ORG,ORG,ORG,ORG,Daniel Rickenson_11
FAC,CARDINAL,DATE,ORG,FAC,FAC,Daniel Rickenson_12
FAC,FAC,ORG,ORG,DATE,DATE,Daniel Rickenson_12
DATE,FAC,ORG,ORG,ORG,ORG,Daniel Rickenson_12
ORG,DATE,ORG,DATE,ORG,ORG,Daniel Rickenson_12
ORG,ORG,DATE,DATE,ORG,ORG,Daniel Rickenson_12
ORG,ORG,DATE,ORG,DATE,DATE,Daniel Rickenson_12
DATE,ORG,ORG,DATE,DATE,DATE,Daniel Rickenson_12
DATE,DATE,DATE,DATE,ORG,ORG,Daniel Rickenson_12
ORG,DATE,DATE,PERSON,DATE,DATE,Daniel Rickenson_12
DATE,ORG,PERSON,GPE,DATE,DATE,Daniel Rickenson_12
DATE,DATE,GPE,PERSON,PERSON,PERSON,Daniel Rickenson_12
ORG,PERSON,ORG,PERSON,DATE,DATE,Daniel Rickenson_13
DATE,ORG,PERSON,PERSON,ORG,ORG,Daniel Rickenson_13
ORG,DATE,PERSON,PERSON,PERSON,PERSON,Daniel Rickenson_13
PERSON,ORG,PERSON,ORG,PERSON,PERSON,Daniel Rickenson_13
PERSON,PERSON,ORG,ORG,PERSON,PERSON,Daniel Rickenson_13
PERSON,PERSON,ORG,PERSON,ORG,ORG,Daniel Rickenson_13
ORG,PERSON,PERSON,PERSON,ORG,ORG,Daniel Rickenson_13
ORG,ORG,PERSON,PERSON,PERSON,PERSON,Daniel Rickenson_13
PERSON,ORG,PERSON,PERSON,PERSON,PERSON,Daniel Rickenson_13
PERSON,PERSON,PERSON,PERSON,PERSON,PERSON,Daniel Rickenson_13
PERSON,PERSON,PERSON,PERSON,PERSON,PERSON,Daniel Rickenson_13
GPE,ORG,ORG,ORG,ORG,ORG,Daniel Rickenson_16
ORG,GPE,ORG,PERSON,ORG,ORG,Daniel Rickenson_16
ORG,ORG,PERSON,ORG,ORG,ORG,Daniel Rickenson_16
PERSON,ORG,ORG,ORG,ORG,ORG,Daniel Rickenson_16
ORG,PERSON,ORG,PERSON,ORG,ORG,Daniel Rickenson_16
ORG,ORG,PERSON,DATE,ORG,ORG,Daniel Rickenson_16
ORG,ORG,DATE,PRODUCT,PERSON,PERSON,Daniel Rickenson_16
PERSON,ORG,PRODUCT,PERSON,DATE,DATE,Daniel Rickenson_16
DATE,PERSON,PERSON,GPE,PRODUCT,PRODUCT,Daniel Rickenson_16
PRODUCT,DATE,GPE,GPE,PERSON,PERSON,Daniel Rickenson_16
PERSON,PRODUCT,GPE,DATE,GPE,GPE,Daniel Rickenson_16
ORG,ORG,ORG,ORG,ORG,ORG,Daniel Rickenson_19
ORG,ORG,ORG,GPE,ORG,ORG,Daniel Rickenson_19
ORG,ORG,GPE,ORG,ORG,ORG,Daniel Rickenson_19
ORG,ORG,ORG,GPE,GPE,GPE,Daniel Rickenson_19
GPE,ORG,GPE,GPE,ORG,ORG,Daniel Rickenson_19
ORG,GPE,GPE,GPE,GPE,GPE,Daniel Rickenson_19
GPE,ORG,GPE,GPE,GPE,GPE,Daniel Rickenson_19
GPE,GPE,GPE,GPE,GPE,GPE,Daniel Rickenson_19
GPE,GPE,GPE,GPE,GPE,GPE,Daniel Rickenson_19
GPE,GPE,GPE,GPE,GPE,GPE,Daniel Rickenson_19
GPE,GPE,GPE,GPE,GPE,GPE,Daniel Rickenson_19
WORK_OF_ART,PERSON,DATE,ORG,ORG,ORG,Daniel Rickenson_20
ORG,WORK_OF_ART,ORG,ORG,DATE,DATE,Daniel Rickenson_20
DATE,ORG,ORG,DATE,ORG,ORG,Daniel Rickenson_20
ORG,DATE,DATE,ORG,ORG,ORG,Daniel Rickenson_20
ORG,ORG,ORG,PERSON,DATE,DATE,Daniel Rickenson_20
DATE,ORG,PERSON,PERSON,ORG,ORG,Daniel Rickenson_20
ORG,DATE,PERSON,PERSON,PERSON,PERSON,Daniel Rickenson_20
PERSON,ORG,PERSON,PERSON,PERSON,PERSON,Daniel Rickenson_20
PERSON,PERSON,PERSON,PERSON,PERSON,PERSON,Daniel Rickenson_20
PERSON,PERSON,PERSON,PERSON,PERSON,PERSON,Daniel Rickenson_20
PERSON,PERSON,PERSON,PERSON,PERSON,PERSON,Daniel Rickenson_20
DATE,CARDINAL,DATE,CARDINAL,ORG,ORG,Darrell L Jason_1
ORG,DATE,CARDINAL,ORG,DATE,DATE,Darrell L Jason_1
DATE,ORG,ORG,DATE,CARDINAL,CARDINAL,Darrell L Jason_1
CARDINAL,DATE,DATE,MONEY,ORG,ORG,Darrell L Jason_1
ORG,CARDINAL,MONEY,MONEY,DATE,DATE,Darrell L Jason_1
DATE,ORG,MONEY,DATE,MONEY,MONEY,Darrell L Jason_1
MONEY,DATE,DATE,DATE,MONEY,MONEY,Darrell L Jason_1
MONEY,MONEY,DATE,MONEY,DATE,DATE,Darrell L Jason_1
DATE,MONEY,MONEY,ORG,DATE,DATE,Darrell L Jason_1
DATE,DATE,ORG,MONEY,MONEY,MONEY,Darrell L Jason_1
ORG,MONEY,GPE,DATE,MONEY,MONEY,Darrell L Jason_1
ORG,CARDINAL,PERSON,GPE,ORG,ORG,Darrell L Jason_2
ORG,ORG,GPE,GPE,PERSON,PERSON,Darrell L Jason_2
PERSON,ORG,GPE,CARDINAL,GPE,GPE,Darrell L Jason_2
GPE,PERSON,CARDINAL,GPE,GPE,GPE,Darrell L Jason_2
GPE,GPE,GPE,PERSON,CARDINAL,CARDINAL,Darrell L Jason_2
CARDINAL,GPE,PERSON,PERSON,GPE,GPE,Darrell L Jason_2
PERSON,GPE,GPE,ORG,PERSON,PERSON,Darrell L Jason_2
PERSON,PERSON,ORG,GPE,GPE,GPE,Darrell L Jason_2
GPE,PERSON,GPE,ORG,ORG,ORG,Darrell L Jason_2
ORG,GPE,ORG,PERSON,GPE,GPE,Darrell L Jason_2
GPE,ORG,PERSON,ORG,ORG,ORG,Darrell L Jason_2
CARDINAL,LOC,WORK_OF_ART,CARDINAL,DATE,DATE,Darrell L Jason_5
DATE,CARDINAL,CARDINAL,DATE,WORK_OF_ART,WORK_OF_ART,Darrell L Jason_5
WORK_OF_ART,DATE,DATE,ORG,CARDINAL,CARDINAL,Darrell L Jason_5
CARDINAL,WORK_OF_ART,ORG,DATE,DATE,DATE,Darrell L Jason_5
ORG,DATE,DATE,ORG,DATE,DATE,Darrell L Jason_5
DATE,ORG,ORG,CARDINAL,DATE,DATE,Darrell L Jason_5
ORG,DATE,DATE,PERSON,CARDINAL,CARDINAL,Darrell L Jason_5
CARDINAL,ORG,PERSON,PERSON,DATE,DATE,Darrell L Jason_5
DATE,CARDINAL,PERSON,PERSON,PERSON,PERSON,Darrell L Jason_5
PERSON,DATE,PERSON,PERSON,PERSON,PERSON,Darrell L Jason_5
PERSON,PERSON,PERSON,PERSON,PERSON,PERSON,Darrell L Jason_5
ORG,ORG,CARDINAL,ORG,PERSON,PERSON,Darrell L Jason_6
PERSON,ORG,ORG,ORG,CARDINAL,CARDINAL,Darrell L Jason_6
CARDINAL,PERSON,ORG,ORG,ORG,ORG,Darrell L Jason_6
ORG,CARDINAL,ORG,GPE,ORG,ORG,Darrell L Jason_6
ORG,ORG,GPE,GPE,ORG,ORG,Darrell L Jason_6
ORG,ORG,GPE,ORG,GPE,GPE,Darrell L Jason_6
GPE,ORG,ORG,ORG,GPE,GPE,Darrell L Jason_6
GPE,GPE,ORG,PERSON,ORG,ORG,Darrell L Jason_6
ORG,GPE,PERSON,ORG,ORG,ORG,Darrell L Jason_6
PERSON,ORG,ORG,DATE,ORG,ORG,Darrell L Jason_6
ORG,PERSON,DATE,PERSON,ORG,ORG,Darrell L Jason_6
PERSON,CARDINAL,ORG,ORG,ORG,ORG,Darrell L Jason_7
ORG,PERSON,ORG,ORG,ORG,ORG,Darrell L Jason_7
ORG,ORG,ORG,PERSON,ORG,ORG,Darrell L Jason_7
ORG,ORG,PERSON,DATE,ORG,ORG,Darrell L Jason_7
ORG,ORG,DATE,DATE,PERSON,PERSON,Darrell L Jason_7
PERSON,ORG,DATE,DATE,DATE,DATE,Darrell L Jason_7
DATE,PERSON,DATE,ORG,DATE,DATE,Darrell L Jason_7
DATE,DATE,ORG,ORG,DATE,DATE,Darrell L Jason_7
ORG,DATE,DATE,ORDINAL,ORG,ORG,Darrell L Jason_7
ORG,ORG,ORDINAL,DATE,DATE,DATE,Darrell L Jason_7
DATE,ORG,DATE,WORK_OF_ART,ORDINAL,ORDINAL,Darrell L Jason_7
ORG,ORG,ORG,ORG,PERSON,PERSON,Darrell L Jason_8
PERSON,ORG,ORG,ORG,ORG,ORG,Darrell L Jason_8
ORG,PERSON,ORG,PERSON,ORG,ORG,Darrell L Jason_8
ORG,ORG,PERSON,ORG,ORG,ORG,Darrell L Jason_8
ORG,ORG,ORG,DATE,PERSON,PERSON,Darrell L Jason_8
PERSON,ORG,DATE,DATE,ORG,ORG,Darrell L Jason_8
ORG,PERSON,DATE,ORG,DATE,DATE,Darrell L Jason_8
DATE,ORG,ORG,GPE,DATE,DATE,Darrell L Jason_8
DATE,DATE,GPE,WORK_OF_ART,ORG,ORG,Darrell L Jason_8
ORG,DATE,WORK_OF_ART,PERSON,GPE,GPE,Darrell L Jason_8
GPE,ORG,PERSON,DATE,WORK_OF_ART,WORK_OF_ART,Darrell L Jason_8
ORG,ORG,ORG,ORG,PERSON,PERSON,Darrell L Jason_9
PERSON,ORG,ORG,ORG,ORG,ORG,Darrell L Jason_9
ORG,PERSON,ORG,PERSON,ORG,ORG,Darrell L Jason_9
ORG,ORG,PERSON,ORG,ORG,ORG,Darrell L Jason_9
ORG,ORG,ORG,DATE,PERSON,PERSON,Darrell L Jason_9
PERSON,ORG,DATE,DATE,ORG,ORG,Darrell L Jason_9
ORG,PERSON,DATE,ORG,DATE,DATE,Darrell L Jason_9
DATE,ORG,ORG,GPE,DATE,DATE,Darrell L Jason_9
DATE,DATE,GPE,WORK_OF_ART,ORG,ORG,Darrell L Jason_9
ORG,DATE,WORK_OF_ART,PERSON,GPE,GPE,Darrell L Jason_9
GPE,ORG,PERSON,DATE,WORK_OF_ART,WORK_OF_ART,Darrell L Jason_9
ORG,ORG,ORG,ORG,ORG,ORG,Darrell L Jason_13
ORG,ORG,ORG,GPE,ORG,ORG,Darrell L Jason_13
ORG,ORG,GPE,ORG,ORG,ORG,Darrell L Jason_13
ORG,ORG,ORG,ORG,GPE,GPE,Darrell L Jason_13
GPE,ORG,ORG,ORG,ORG,ORG,Darrell L Jason_13
ORG,ORG,TIME,ORG,ORG,ORG,Darrell L Jason_13
ORG,ORG,ORG,ORG,TIME,TIME,Darrell L Jason_13
TIME,ORG,ORG,GPE,ORG,ORG,Darrell L Jason_13
ORG,TIME,GPE,GPE,ORG,ORG,Darrell L Jason_13
ORG,ORG,GPE,PERSON,GPE,GPE,Darrell L Jason_13
GPE,ORG,PERSON,ORG,GPE,GPE,Darrell L Jason_13
ORG,GPE,ORG,CARDINAL,CARDINAL,CARDINAL,Darrell L Jason_14
CARDINAL,ORG,CARDINAL,CARDINAL,ORG,ORG,Darrell L Jason_14
ORG,CARDINAL,CARDINAL,NORP,CARDINAL,CARDINAL,Darrell L Jason_14
CARDINAL,ORG,NORP,ORG,CARDINAL,CARDINAL,Darrell L Jason_14
CARDINAL,CARDINAL,ORG,ORG,NORP,NORP,Darrell L Jason_14
NORP,CARDINAL,ORG,ORG,ORG,ORG,Darrell L Jason_14
ORG,NORP,ORG,ORG,ORG,ORG,Darrell L Jason_14
ORG,ORG,ORG,PERSON,ORG,ORG,Darrell L Jason_14
ORG,ORG,PERSON,ORG,ORG,ORG,Darrell L Jason_14
PERSON,ORG,ORG,DATE,ORG,ORG,Darrell L Jason_14
ORG,PERSON,DATE,DATE,ORG,ORG,Darrell L Jason_14
ORG,GPE,ORG,PERSON,ORG,ORG,Darrell L Jason_17
ORG,ORG,PERSON,ORG,ORG,ORG,Darrell L Jason_17
PERSON,ORG,ORG,ORG,ORG,ORG,Darrell L Jason_17
ORG,PERSON,ORG,ORG,ORG,ORG,Darrell L Jason_17
ORG,ORG,ORG,CARDINAL,ORG,ORG,Darrell L Jason_17
ORG,ORG,CARDINAL,CARDINAL,ORG,ORG,Darrell L Jason_17
ORG,ORG,CARDINAL,PERSON,CARDINAL,CARDINAL,Darrell L Jason_17
CARDINAL,ORG,PERSON,PERSON,CARDINAL,CARDINAL,Darrell L Jason_17
CARDINAL,CARDINAL,PERSON,ORG,PERSON,PERSON,Darrell L Jason_17
PERSON,CARDINAL,ORG,PERSON,PERSON,PERSON,Darrell L Jason_17
PERSON,PERSON,PERSON,ORG,ORG,ORG,Darrell L Jason_17
GPE,ORG,ORG,ORG,ORG,ORG,Darrell L Jason_18
ORG,GPE,ORG,ORG,ORG,ORG,Darrell L Jason_18
ORG,ORG,ORG,ORG,ORG,ORG,Darrell L Jason_18
ORG,ORG,ORG,ORG,ORG,ORG,Darrell L Jason_18
ORG,ORG,ORG,NORP,ORG,ORG,Darrell L Jason_18
ORG,ORG,NORP,ORG,ORG,ORG,Darrell L Jason_18
ORG,ORG,ORG,PERSON,NORP,NORP,Darrell L Jason_18
NORP,ORG,PERSON,DATE,ORG,ORG,Darrell L Jason_18
ORG,NORP,DATE,ORG,PERSON,PERSON,Darrell L Jason_18
PERSON,ORG,ORG,CARDINAL,DATE,DATE,Darrell L Jason_18
DATE,PERSON,CARDINAL,ORG,ORG,ORG,Darrell L Jason_18
ORG,NORP,ORG,ORG,PERSON,PERSON,Darrell L Jason_19
PERSON,ORG,ORG,DATE,ORG,ORG,Darrell L Jason_19
ORG,PERSON,DATE,ORG,ORG,ORG,Darrell L Jason_19
ORG,ORG,ORG,DATE,DATE,DATE,Darrell L Jason_19
DATE,ORG,DATE,WORK_OF_ART,ORG,ORG,Darrell L Jason_19
ORG,DATE,WORK_OF_ART,ORG,DATE,DATE,Darrell L Jason_19
DATE,ORG,ORG,PERSON,WORK_OF_ART,WORK_OF_ART,Darrell L Jason_19
WORK_OF_ART,DATE,PERSON,CARDINAL,ORG,ORG,Darrell L Jason_19
ORG,WORK_OF_ART,CARDINAL,PERSON,PERSON,PERSON,Darrell L Jason_19
PERSON,ORG,PERSON,PERSON,CARDINAL,CARDINAL,Darrell L Jason_19
CARDINAL,PERSON,PERSON,GPE,PERSON,PERSON,Darrell L Jason_19
DATE,ORG,DATE,LANGUAGE,WORK_OF_ART,WORK_OF_ART,David Nathan_1
WORK_OF_ART,DATE,LANGUAGE,DATE,DATE,DATE,David Nathan_1
DATE,WORK_OF_ART,DATE,DATE,LANGUAGE,LANGUAGE,David Nathan_1
LANGUAGE,DATE,DATE,GPE,DATE,DATE,David Nathan_1
DATE,LANGUAGE,GPE,ORG,DATE,DATE,David Nathan_1
DATE,DATE,ORG,GPE,GPE,GPE,David Nathan_1
GPE,DATE,GPE,DATE,ORG,ORG,David Nathan_1
ORG,GPE,DATE,DATE,GPE,GPE,David Nathan_1
GPE,ORG,DATE,CARDINAL,DATE,DATE,David Nathan_1
DATE,GPE,CARDINAL,PERSON,DATE,DATE,David Nathan_1
DATE,DATE,PERSON,ORG,CARDINAL,CARDINAL,David Nathan_1
NORP,ORG,DATE,DATE,CARDINAL,CARDINAL,David Nathan_2
CARDINAL,NORP,DATE,PERSON,DATE,DATE,David Nathan_2
DATE,CARDINAL,PERSON,ORG,DATE,DATE,David Nathan_2
PERSON,DATE,CARDINAL,DATE,ORG,ORG,David Nathan_2
ORG,PERSON,DATE,ORG,CARDINAL,CARDINAL,David Nathan_2
CARDINAL,ORG,ORG,DATE,DATE,DATE,David Nathan_2
DATE,CARDINAL,DATE,PERSON,ORG,ORG,David Nathan_2
ORG,DATE,PERSON,CARDINAL,DATE,DATE,David Nathan_2
DATE,ORG,CARDINAL,DATE,PERSON,PERSON,David Nathan_2
PERSON,DATE,DATE,ORG,CARDINAL,CARDINAL,David Nathan_2
CARDINAL,PERSON,ORG,DATE,DATE,DATE,David Nathan_2
ORG,GPE,ORG,LANGUAGE,ORG,ORG,David Nathan_3
ORG,ORG,LANGUAGE,ORG,ORG,ORG,David Nathan_3
ORG,ORG,ORG,ORG,LANGUAGE,LANGUAGE,David Nathan_3
LANGUAGE,ORG,ORG,ORG,ORG,ORG,David Nathan_3
ORG,LANGUAGE,ORG,ORG,ORG,ORG,David Nathan_3
ORG,ORG,ORG,LOC,ORG,ORG,David Nathan_3
ORG,ORG,LOC,ORG,ORG,ORG,David Nathan_3
ORG,ORG,ORG,DATE,LOC,LOC,David Nathan_3
LOC,ORG,DATE,ORG,ORG,ORG,David Nathan_3
ORG,LOC,ORG,ORG,DATE,DATE,David Nathan_3
DATE,ORG,ORG,ORG,ORG,ORG,David Nathan_3
CARDINAL,ORG,ORG,ORG,ORG,ORG,David Nathan_4
ORG,CARDINAL,ORG,ORG,ORG,ORG,David Nathan_4
ORG,ORG,ORG,ORG,ORG,ORG,David Nathan_4
ORG,ORG,ORG,ORG,ORG,ORG,David Nathan_4
ORG,ORG,ORG,FAC,ORG,ORG,David Nathan_4
ORG,ORG,FAC,ORG,ORG,ORG,David Nathan_4
ORG,ORG,ORG,ORG,FAC,FAC,David Nathan_4
FAC,ORG,ORG,ORG,ORG,ORG,David Nathan_4
ORG,FAC,ORG,ORG,ORG,ORG,David Nathan_4
ORG,ORG,ORG,ORG,ORG,ORG,David Nathan_4
ORG,ORG,ORG,PERSON,ORG,ORG,David Nathan_4
PRODUCT,NORP,ORG,PERSON,DATE,DATE,David Nathan_8
DATE,PRODUCT,PERSON,WORK_OF_ART,ORG,ORG,David Nathan_8
ORG,DATE,WORK_OF_ART,ORG,PERSON,PERSON,David Nathan_8
PERSON,ORG,ORG,ORG,WORK_OF_ART,WORK_OF_ART,David Nathan_8
WORK_OF_ART,PERSON,ORG,DATE,ORG,ORG,David Nathan_8
ORG,WORK_OF_ART,DATE,PERSON,ORG,ORG,David Nathan_8
ORG,ORG,PERSON,ORG,DATE,DATE,David Nathan_8
DATE,ORG,ORG,WORK_OF_ART,PERSON,PERSON,David Nathan_8
PERSON,DATE,WORK_OF_ART,ORG,ORG,ORG,David Nathan_8
ORG,PERSON,ORG,PERSON,WORK_OF_ART,WORK_OF_ART,David Nathan_8
WORK_OF_ART,ORG,PERSON,ORG,ORG,ORG,David Nathan_8
CARDINAL,GPE,ORG,WORK_OF_ART,DATE,DATE,David Nathan_10
DATE,CARDINAL,WORK_OF_ART,CARDINAL,ORG,ORG,David Nathan_10
ORG,DATE,CARDINAL,GPE,WORK_OF_ART,WORK_OF_ART,David Nathan_10
WORK_OF_ART,ORG,GPE,CARDINAL,CARDINAL,CARDINAL,David Nathan_10
CARDINAL,WORK_OF_ART,CARDINAL,ORDINAL,GPE,GPE,David Nathan_10
GPE,CARDINAL,ORDINAL,ORG,CARDINAL,CARDINAL,David Nathan_10
CARDINAL,GPE,ORG,CARDINAL,ORDINAL,ORDINAL,David Nathan_10
ORG,ORDINAL,CARDINAL,ORDINAL,CARDINAL,CARDINAL,David Nathan_10
CARDINAL,ORG,ORDINAL,ORDINAL,CARDINAL,CARDINAL,David Nathan_10
CARDINAL,CARDINAL,ORDINAL,GPE,ORDINAL,ORDINAL,David Nathan_10
ORDINAL,CARDINAL,GPE,ORG,ORDINAL,ORDINAL,David Nathan_10
ORG,GPE,ORG,ORG,ORG,ORG,David Nathan_11
ORG,ORG,ORG,ORG,ORG,ORG,David Nathan_11
ORG,ORG,ORG,ORG,ORG,ORG,David Nathan_11
ORG,ORG,ORG,ORG,ORG,ORG,David Nathan_11
ORG,ORG,ORG,ORG,ORG,ORG,David Nathan_11
ORG,ORG,ORG,ORG,ORG,ORG,David Nathan_11
ORG,ORG,ORG,ORG,ORG,ORG,David Nathan_11
ORG,ORG,ORG,ORG,ORG,ORG,David Nathan_11
ORG,ORG,ORG,ORG,ORG,ORG,David Nathan_11
ORG,ORG,ORG,ORG,ORG,ORG,David Nathan_11
ORG,ORG,ORG,ORG,ORG,ORG,David Nathan_11
WORK_OF_ART,ORG,ORG,ORG,WORK_OF_ART,WORK_OF_ART,David Nathan_14
WORK_OF_ART,WORK_OF_ART,ORG,ORG,ORG,ORG,David Nathan_14
ORG,WORK_OF_ART,ORG,WORK_OF_ART,ORG,ORG,David Nathan_14
ORG,ORG,WORK_OF_ART,ORG,ORG,ORG,David Nathan_14
ORG,ORG,ORG,ORG,WORK_OF_ART,WORK_OF_ART,David Nathan_14
WORK_OF_ART,ORG,ORG,ORG,ORG,ORG,David Nathan_14
ORG,WORK_OF_ART,ORG,DATE,ORG,ORG,David Nathan_14
ORG,ORG,DATE,TIME,ORG,ORG,David Nathan_14
ORG,ORG,TIME,TIME,DATE,DATE,David Nathan_14
DATE,ORG,TIME,TIME,TIME,TIME,David Nathan_14
TIME,DATE,TIME,TIME,TIME,TIME,David Nathan_14
ORG,ORG,CARDINAL,ORG,ORG,ORG,David Nathan_16
ORG,ORG,ORG,ORG,CARDINAL,CARDINAL,David Nathan_16
CARDINAL,ORG,ORG,ORG,ORG,ORG,David Nathan_16
ORG,CARDINAL,ORG,PERSON,ORG,ORG,David Nathan_16
ORG,ORG,PERSON,ORG,ORG,ORG,David Nathan_16
ORG,ORG,ORG,GPE,PERSON,PERSON,David Nathan_16
PERSON,ORG,GPE,ORG,ORG,ORG,David Nathan_16
ORG,PERSON,ORG,PERSON,GPE,GPE,David Nathan_16
GPE,ORG,PERSON,PERSON,ORG,ORG,David Nathan_16
PERSON,ORG,GPE,WORK_OF_ART,PERSON,PERSON,David Nathan_16
PERSON,PERSON,WORK_OF_ART,DATE,GPE,GPE,David Nathan_16
ORG,ORG,CARDINAL,ORG,ORG,ORG,David Nathan_17
ORG,ORG,ORG,ORG,CARDINAL,CARDINAL,David Nathan_17
CARDINAL,ORG,ORG,ORG,ORG,ORG,David Nathan_17
ORG,CARDINAL,ORG,PERSON,ORG,ORG,David Nathan_17
ORG,ORG,PERSON,ORG,ORG,ORG,David Nathan_17
ORG,ORG,ORG,GPE,PERSON,PERSON,David Nathan_17
PERSON,ORG,GPE,ORG,ORG,ORG,David Nathan_17
ORG,PERSON,ORG,PERSON,GPE,GPE,David Nathan_17
GPE,ORG,PERSON,PERSON,ORG,ORG,David Nathan_17
PERSON,ORG,GPE,WORK_OF_ART,PERSON,PERSON,David Nathan_17
PERSON,PERSON,WORK_OF_ART,DATE,GPE,GPE,David Nathan_17
ORG,ORG,ORG,ORG,PERSON,PERSON,David Nathan_18
PERSON,ORG,ORG,ORG,ORG,ORG,David Nathan_18
ORG,PERSON,ORG,ORG,ORG,ORG,David Nathan_18
ORG,ORG,ORG,GPE,ORG,ORG,David Nathan_18
ORG,ORG,GPE,PERSON,ORG,ORG,David Nathan_18
ORG,ORG,PERSON,ORG,GPE,GPE,David Nathan_18
PERSON,GPE,ORG,PERSON,ORG,ORG,David Nathan_18
ORG,PERSON,PERSON,ORDINAL,ORG,ORG,David Nathan_18
ORG,ORG,ORDINAL,WORK_OF_ART,PERSON,PERSON,David Nathan_18
PERSON,ORG,WORK_OF_ART,ORG,ORDINAL,ORDINAL,David Nathan_18
ORDINAL,PERSON,ORG,ORG,WORK_OF_ART,WORK_OF_ART,David Nathan_18
ORG,ORG,ORG,CARDINAL,ORG,ORG,David Nathan_19
ORG,ORG,CARDINAL,PERSON,ORG,ORG,David Nathan_19
ORG,ORG,PERSON,GPE,CARDINAL,CARDINAL,David Nathan_19
CARDINAL,ORG,GPE,ORG,PERSON,PERSON,David Nathan_19
PERSON,CARDINAL,ORG,ORG,GPE,GPE,David Nathan_19
ORG,GPE,DATE,DATE,ORG,ORG,David Nathan_19
ORG,ORG,DATE,DATE,DATE,DATE,David Nathan_19
DATE,ORG,DATE,ORG,DATE,DATE,David Nathan_19
DATE,DATE,ORG,ORG,DATE,DATE,David Nathan_19
DATE,DATE,ORG,PERSON,ORG,ORG,David Nathan_19
ORG,ORG,DATE,DATE,PERSON,PERSON,David Nathan_19
ORG,ORG,CARDINAL,EVENT,ORG,ORG,David Nathan_20
ORG,ORG,EVENT,ORG,CARDINAL,CARDINAL,David Nathan_20
CARDINAL,ORG,ORG,GPE,EVENT,EVENT,David Nathan_20
EVENT,CARDINAL,GPE,ORG,ORG,ORG,David Nathan_20
ORG,EVENT,ORG,ORG,GPE,GPE,David Nathan_20
GPE,ORG,ORG,PERSON,ORG,ORG,David Nathan_20
ORG,GPE,PERSON,PERSON,ORG,ORG,David Nathan_20
ORG,ORG,PERSON,PERSON,PERSON,PERSON,David Nathan_20
PERSON,ORG,PERSON,PERSON,PERSON,PERSON,David Nathan_20
PERSON,PERSON,PERSON,GPE,PERSON,PERSON,David Nathan_20
PERSON,PERSON,GPE,ORG,PERSON,PERSON,David Nathan_20
ORG,ORG,ORG,CARDINAL,ORG,ORG,Manideep Bora_5
ORG,ORG,GPE,GPE,CARDINAL,CARDINAL,Manideep Bora_5
CARDINAL,ORG,GPE,ORG,GPE,GPE,Manideep Bora_5
GPE,CARDINAL,ORG,ORG,GPE,GPE,Manideep Bora_5
GPE,GPE,ORG,ORG,ORG,ORG,Manideep Bora_5
ORG,GPE,ORG,ORG,ORG,ORG,Manideep Bora_5
ORG,ORG,ORG,ORG,ORG,ORG,Manideep Bora_5
ORG,ORG,ORG,DATE,ORG,ORG,Manideep Bora_5
ORG,ORG,DATE,CARDINAL,ORG,ORG,Manideep Bora_5
ORG,ORG,CARDINAL,CARDINAL,DATE,DATE,Manideep Bora_5
DATE,ORG,CARDINAL,CARDINAL,CARDINAL,CARDINAL,Manideep Bora_5
ORG,PERSON,CARDINAL,GPE,ORDINAL,ORDINAL,Manideep Bora_6
ORDINAL,ORG,GPE,DATE,CARDINAL,CARDINAL,Manideep Bora_6
CARDINAL,ORDINAL,DATE,CARDINAL,GPE,GPE,Manideep Bora_6
GPE,CARDINAL,CARDINAL,LAW,DATE,DATE,Manideep Bora_6
DATE,GPE,LAW,DATE,CARDINAL,CARDINAL,Manideep Bora_6
LAW,CARDINAL,ORG,NORP,DATE,DATE,Manideep Bora_6
DATE,LAW,NORP,LOC,ORG,ORG,Manideep Bora_6
ORG,DATE,LOC,GPE,NORP,NORP,Manideep Bora_6
NORP,ORG,GPE,NORP,LOC,LOC,Manideep Bora_6
LOC,NORP,NORP,ORG,GPE,GPE,Manideep Bora_6
GPE,LOC,ORG,DATE,NORP,NORP,Manideep Bora_6
ORG,CARDINAL,ORG,ORG,ORG,ORG,Manideep Bora_7
ORG,ORG,ORG,ORG,ORG,ORG,Manideep Bora_7
ORG,ORG,ORG,DATE,ORG,ORG,Manideep Bora_7
ORG,ORG,GPE,CARDINAL,DATE,DATE,Manideep Bora_7
DATE,ORG,CARDINAL,CARDINAL,GPE,GPE,Manideep Bora_7
GPE,DATE,CARDINAL,WORK_OF_ART,CARDINAL,CARDINAL,Manideep Bora_7
CARDINAL,GPE,WORK_OF_ART,ORG,CARDINAL,CARDINAL,Manideep Bora_7
CARDINAL,CARDINAL,ORG,QUANTITY,WORK_OF_ART,WORK_OF_ART,Manideep Bora_7
WORK_OF_ART,CARDINAL,QUANTITY,CARDINAL,ORG,ORG,Manideep Bora_7
ORG,WORK_OF_ART,CARDINAL,CARDINAL,QUANTITY,QUANTITY,Manideep Bora_7
QUANTITY,ORG,CARDINAL,DATE,CARDINAL,CARDINAL,Manideep Bora_7
ORG,ORG,GPE,WORK_OF_ART,ORG,ORG,Manideep Bora_8
ORG,ORG,WORK_OF_ART,ORG,GPE,GPE,Manideep Bora_8
GPE,ORG,ORG,PRODUCT,WORK_OF_ART,WORK_OF_ART,Manideep Bora_8
WORK_OF_ART,GPE,PRODUCT,ORG,ORG,ORG,Manideep Bora_8
ORG,WORK_OF_ART,ORG,ORG,PRODUCT,PRODUCT,Manideep Bora_8
PRODUCT,ORG,ORG,ORG,ORG,ORG,Manideep Bora_8
ORG,PRODUCT,ORG,ORG,ORG,ORG,Manideep Bora_8
ORG,ORG,ORG,DATE,ORG,ORG,Manideep Bora_8
ORG,ORG,DATE,CARDINAL,ORG,ORG,Manideep Bora_8
ORG,ORG,CARDINAL,WORK_OF_ART,DATE,DATE,Manideep Bora_8
DATE,ORG,WORK_OF_ART,ORG,CARDINAL,CARDINAL,Manideep Bora_8
PERSON,PERSON,GPE,GPE,CARDINAL,CARDINAL,Manideep Bora_12
CARDINAL,PERSON,GPE,CARDINAL,GPE,GPE,Manideep Bora_12
GPE,CARDINAL,CARDINAL,GPE,GPE,GPE,Manideep Bora_12
GPE,GPE,GPE,PERSON,CARDINAL,CARDINAL,Manideep Bora_12
CARDINAL,GPE,PERSON,PERSON,GPE,GPE,Manideep Bora_12
GPE,CARDINAL,PERSON,PERSON,PERSON,PERSON,Manideep Bora_12
PERSON,GPE,PERSON,CARDINAL,PERSON,PERSON,Manideep Bora_12
PERSON,PERSON,CARDINAL,PERSON,PERSON,PERSON,Manideep Bora_12
PERSON,PERSON,PERSON,PERSON,CARDINAL,CARDINAL,Manideep Bora_12
CARDINAL,PERSON,PERSON,PERSON,PERSON,PERSON,Manideep Bora_12
PERSON,CARDINAL,PERSON,ORG,PERSON,PERSON,Manideep Bora_12
PERSON,GPE,CARDINAL,GPE,ORG,ORG,Manideep Bora_13
ORG,PERSON,GPE,DATE,CARDINAL,CARDINAL,Manideep Bora_13
CARDINAL,ORG,DATE,ORG,GPE,GPE,Manideep Bora_13
GPE,CARDINAL,ORG,PERSON,DATE,DATE,Manideep Bora_13
ORG,DATE,PERSON,CARDINAL,PERSON,PERSON,Manideep Bora_13
PERSON,ORG,CARDINAL,CARDINAL,PERSON,PERSON,Manideep Bora_13
PERSON,PERSON,CARDINAL,EVENT,CARDINAL,CARDINAL,Manideep Bora_13
CARDINAL,PERSON,EVENT,DATE,CARDINAL,CARDINAL,Manideep Bora_13
CARDINAL,CARDINAL,DATE,ORG,EVENT,EVENT,Manideep Bora_13
EVENT,CARDINAL,ORG,PERSON,DATE,DATE,Manideep Bora_13
ORG,DATE,PERSON,PERSON,PERSON,PERSON,Manideep Bora_13
ORG,ORG,LANGUAGE,ORG,ORG,ORG,Manideep Bora_14
ORG,ORG,ORG,QUANTITY,LANGUAGE,LANGUAGE,Manideep Bora_14
ORG,LANGUAGE,WORK_OF_ART,ORG,QUANTITY,QUANTITY,Manideep Bora_14
QUANTITY,ORG,ORG,ORG,WORK_OF_ART,WORK_OF_ART,Manideep Bora_14
WORK_OF_ART,QUANTITY,ORG,ORG,ORG,ORG,Manideep Bora_14
ORG,WORK_OF_ART,ORG,ORG,ORG,ORG,Manideep Bora_14
ORG,ORG,ORG,ORG,ORG,ORG,Manideep Bora_14
ORG,ORG,ORG,ORG,ORG,ORG,Manideep Bora_14
ORG,ORG,ORG,GPE,ORG,ORG,Manideep Bora_14
ORG,ORG,GPE,ORG,ORG,ORG,Manideep Bora_14
ORG,ORG,ORG,GPE,GPE,GPE,Manideep Bora_14
NORP,ORG,DATE,TIME,DATE,DATE,Manideep Bora_15
DATE,NORP,TIME,ORG,DATE,DATE,Manideep Bora_15
DATE,DATE,ORG,GPE,TIME,TIME,Manideep Bora_15
TIME,DATE,GPE,DATE,ORG,ORG,Manideep Bora_15
ORG,TIME,DATE,FAC,GPE,GPE,Manideep Bora_15
GPE,ORG,FAC,ORG,DATE,DATE,Manideep Bora_15
DATE,GPE,ORG,ORG,FAC,FAC,Manideep Bora_15
FAC,DATE,ORG,TIME,ORG,ORG,Manideep Bora_15
ORG,FAC,TIME,DATE,ORG,ORG,Manideep Bora_15
ORG,ORG,DATE,ORG,TIME,TIME,Manideep Bora_15
TIME,ORG,ORG,PERSON,DATE,DATE,Manideep Bora_15
PRODUCT,CARDINAL,CARDINAL,CARDINAL,CARDINAL,CARDINAL,Manideep Bora_16
CARDINAL,PRODUCT,CARDINAL,GPE,CARDINAL,CARDINAL,Manideep Bora_16
CARDINAL,CARDINAL,GPE,ORG,CARDINAL,CARDINAL,Manideep Bora_16
CARDINAL,CARDINAL,ORG,CARDINAL,GPE,GPE,Manideep Bora_16
GPE,CARDINAL,CARDINAL,LANGUAGE,ORG,ORG,Manideep Bora_16
ORG,GPE,LANGUAGE,ORG,CARDINAL,CARDINAL,Manideep Bora_16
CARDINAL,ORG,ORG,DATE,LANGUAGE,LANGUAGE,Manideep Bora_16
LANGUAGE,CARDINAL,DATE,GPE,ORG,ORG,Manideep Bora_16
PERSON,WORK_OF_ART,ORG,PERSON,CARDINAL,CARDINAL,Manideep Bora_17
CARDINAL,PERSON,PERSON,WORK_OF_ART,ORG,ORG,Manideep Bora_17
ORG,CARDINAL,WORK_OF_ART,GPE,PERSON,PERSON,Manideep Bora_17
PERSON,ORG,GPE,DATE,WORK_OF_ART,WORK_OF_ART,Manideep Bora_17
WORK_OF_ART,PERSON,DATE,CARDINAL,GPE,GPE,Manideep Bora_17
GPE,WORK_OF_ART,CARDINAL,ORG,DATE,DATE,Manideep Bora_17
DATE,GPE,ORG,CARDINAL,CARDINAL,CARDINAL,Manideep Bora_17
CARDINAL,DATE,CARDINAL,ORG,ORG,ORG,Manideep Bora_17
ORG,CARDINAL,ORG,CARDINAL,CARDINAL,CARDINAL,Manideep Bora_17
CARDINAL,ORG,CARDINAL,CARDINAL,ORG,ORG,Manideep Bora_17
ORG,CARDINAL,CARDINAL,CARDINAL,CARDINAL,CARDINAL,Manideep Bora_17
DATE,CARDINAL,DATE,DATE,DATE,DATE,Manideep Bora_19
DATE,DATE,DATE,DATE,DATE,DATE,Manideep Bora_19
DATE,DATE,DATE,TIME,DATE,DATE,Manideep Bora_19
DATE,DATE,TIME,WORK_OF_ART,DATE,DATE,Manideep Bora_19
DATE,DATE,WORK_OF_ART,TIME,TIME,TIME,Manideep Bora_19
TIME,DATE,TIME,DATE,WORK_OF_ART,WORK_OF_ART,Manideep Bora_19
WORK_OF_ART,TIME,DATE,ORG,TIME,TIME,Manideep Bora_19
TIME,WORK_OF_ART,ORG,DATE,DATE,DATE,Manideep Bora_19
DATE,TIME,DATE,CARDINAL,ORG,ORG,Manideep Bora_19
ORG,DATE,CARDINAL,PERSON,DATE,DATE,Manideep Bora_19
DATE,ORG,PERSON,GPE,CARDINAL,CARDINAL,Manideep Bora_19
PERSON,NORP,ORG,ORG,DATE,DATE,Manideep Bora_20
DATE,PERSON,ORG,PERSON,ORG,ORG,Manideep Bora_20
ORG,DATE,PERSON,CARDINAL,ORG,ORG,Manideep Bora_20
ORG,ORG,CARDINAL,TIME,PERSON,PERSON,Manideep Bora_20
PERSON,ORG,TIME,DATE,CARDINAL,CARDINAL,Manideep Bora_20
CARDINAL,PERSON,DATE,NORP,TIME,TIME,Manideep Bora_20
TIME,CARDINAL,NORP,PERSON,DATE,DATE,Manideep Bora_20
DATE,TIME,PERSON,LAW,NORP,NORP,Manideep Bora_20
PERSON,NORP,PERSON,DATE,LAW,LAW,Manideep Bora_20
PERSON,LAW,ORG,CARDINAL,DATE,DATE,Manideep Bora_20
DATE,PERSON,CARDINAL,PERSON,ORG,ORG,Manideep Bora_20
DATE,ORG,ORG,PERSON,ORG,NORP,Madhu Tejasvi_8
ORG,DATE,PERSON,PERSON,ORG,PERSON,Madhu Tejasvi_8
ORG,ORG,PERSON,PERSON,PERSON,NORP,Madhu Tejasvi_8
GPE,CARDINAL,PERSON,PERSON,PERSON,LOC,Madhu Tejasvi_8
PERSON,GPE,PERSON,GPE,PERSON,LOC,Madhu Tejasvi_8
FAC,ORG,ORG,EVENT,PRODUCT,ORG,Madhu Tejasvi_8
ORG,PERSON,ORG,ORG,ORG,NORP,Madhu Tejasvi_8
PERSON,ORG,ORG,CARDINAL,ORG,NORP,Madhu Tejasvi_8
DATE,CARDINAL,DATE,ORG,GPE,EVENT,Madhu Tejasvi_8
LOC,PERSON,PERSON,GPE,ORG,NORP,Madhu Tejasvi_8
ORG,LOC,GPE,CARDINAL,PERSON,LOC,Madhu Tejasvi_8
ORG,ORG,ORG,PERSON,PERSON,EVENT,Madhu Tejasvi_8
PERSON,ORG,PERSON,DATE,ORG,WORK_OF_ART,Madhu Tejasvi_8
GPE,PERCENT,GPE,PERSON,GPE,LANGUAGE,Madhu Tejasvi_8
ORG,PERSON,ORG,PERSON,GPE,LANGUAGE,Madhu Tejasvi_8
PERCENT,ORG,ORG,GPE,PERSON,QUANTITY,Madhu Tejasvi_9
PERSON,PERCENT,GPE,GPE,ORG,PRODUCT,Madhu Tejasvi_9
GPE,GPE,GPE,ORG,PERSON,QUANTITY,Madhu Tejasvi_9
PERSON,GPE,ORG,PERSON,GPE,QUANTITY,Madhu Tejasvi_9
GPE,PERSON,PERSON,DATE,ORG,QUANTITY,Madhu Tejasvi_9
CARDINAL,FAC,DATE,MONEY,ORG,PRODUCT,Madhu Tejasvi_9
MONEY,DATE,CARDINAL,MONEY,ORG,PERSON,Madhu Tejasvi_9
NORP,ORG,CARDINAL,GPE,GPE,PERSON,Madhu Tejasvi_10
PERSON,GPE,CARDINAL,ORG,ORG,PERSON,Madhu Tejasvi_10
DATE,CARDINAL,GPE,PERSON,ORG,FAC,Madhu Tejasvi_10
GPE,ORG,GPE,GPE,PERSON,FAC,Madhu Tejasvi_10
GPE,GPE,GPE,DATE,PERSON,FAC,Madhu Tejasvi_10
PERSON,PERSON,DATE,ORG,ORG,PERSON,Madhu Tejasvi_10
ORG,ORG,ORG,CARDINAL,ORG,PERSON,Madhu Tejasvi_10
ORG,ORG,CARDINAL,PERSON,ORG,PERSON,Madhu Tejasvi_10
CARDINAL,PERSON,DATE,GPE,ORG,PERSON,Madhu Tejasvi_10
GPE,DATE,PERSON,ORG,ORG,GPE,Madhu Tejasvi_10
PERSON,PERSON,PERSON,PERSON,ORG,PERSON,Madhu Tejasvi_10
GPE,PERSON,GPE,ORG,ORG,GPE,Madhu Tejasvi_11
GPE,ORG,NORP,ORG,ORG,GPE,Madhu Tejasvi_11
ORG,GPE,ORG,ORG,NORP,LANGUAGE,Madhu Tejasvi_11
NORP,ORG,ORG,ORG,ORG,LANGUAGE,Madhu Tejasvi_11
ORG,ORG,ORG,ORG,ORG,NORP,Madhu Tejasvi_11
PERSON,ORG,PERSON,GPE,ORG,NORP,Madhu Tejasvi_11
GPE,GPE,ORG,GPE,GPE,LOC,Madhu Tejasvi_11
GPE,GPE,GPE,PERSON,ORG,LOC,Madhu Tejasvi_11
PERSON,PERSON,ORG,LOC,ORG,LOC,Madhu Tejasvi_11
CARDINAL,ORG,ORG,ORDINAL,ORG,PERSON,Madhu Tejasvi_11
ORG,CARDINAL,ORDINAL,ORG,ORG,GPE,Madhu Tejasvi_11
ORG,CARDINAL,CARDINAL,PERSON,FAC,PERSON,Madhu Tejasvi_13
PERSON,CARDINAL,PERSON,CARDINAL,ORG,PERSON,Madhu Tejasvi_13
ORG,ORG,ORG,ORG,PERSON,PRODUCT,Madhu Tejasvi_13
GPE,ORG,DATE,ORDINAL,ORG,PERSON,Madhu Tejasvi_15
ORG,DATE,ORG,ORG,ORG,PERSON,Madhu Tejasvi_15
DATE,ORG,PRODUCT,MONEY,ORG,PERSON,Madhu Tejasvi_15
PRODUCT,ORG,ORG,PERSON,MONEY,WORK_OF_ART,Madhu Tejasvi_15
WORK_OF_ART,PRODUCT,GPE,DATE,WORK_OF_ART,LANGUAGE ,Madhu Tejasvi_15
WORK_OF_ART,WORK_OF_ART,DATE,ORG,GPE,LANGUAGE,Madhu Tejasvi_15
ORG,DATE,PERSON,PERSON,ORG,PERSON,Madhu Tejasvi_15
NORP,ORG,DATE,ORG,ORG,PERSON,Madhu Tejasvi_15
ORG,ORG,GPE,GPE,ORG,GPE,Madhu Tejasvi_17
GPE,GPE,ORG,NORP,PERSON,GPE,Madhu Tejasvi_17
ORG,PERSON,ORG,CARDINAL,ORG,PERSON,Madhu Tejasvi_17
ORG,ORG,CARDINAL,TIME,ORG,PERSON,Madhu Tejasvi_17
DATE,TIME,TIME,DATE,ORG,NORP,Madhu Tejasvi_17
DATE,ORG,ORG,CARDINAL,PERSON,FAC,Dustin Alexander_3
PERSON,DATE,CARDINAL,DATE,ORG,GPE,Dustin Alexander_3
LOC,CARDINAL,CARDINAL,GPE,PERSON,FAC,Dustin Alexander_6
GPE,CARDINAL,ORG,ORG,DATE,FAC,Dustin Alexander_6
PERSON,PERSON,EVENT,ORG,NORP,LANGUAGE,Dustin Alexander_7
MONEY,GPE,ORG,DATE,PRODUCT,ORG,Dustin Alexander_10
DATE,GPE,GPE,DATE,NORP,PERSON,Dustin Alexander_14
DATE,ORG,DATE,PERSON,PERSON,FAC,Dustin Alexander_17
DATE,PERSON,ORG,PERSON,PERSON,ORG,Dustin Alexander_17
ORG,PERSON,QUANTITY,DATE,PERSON,ORG,Dustin Alexander_17
ORG,ORG,PRODUCT,ORG,PERSON,ORG,Dustin Alexander_18
PERSON,PERSON,PERSON,PERSON,ORG,PERSON,Dustin Alexander_19
FAC,PERSON,ORG,ORG,PERSON,ORG,Dustin Alexander_19
ORG,DATE,CARDINAL,PERSON,PERSON,EVENT,Dustin Alexander_20
PERSON,PERSON,PERSON,PERSON,PERSON,PRODUCT,Dustin Alexander_20
PERSON,PERSON,PERSON,PERSON,ORG,PERSON,Dustin Alexander_20
CARDINAL,PERSON,PERSON,PERSON,WORK_OF_ART,PERSON,Dustin Alexander_20
PERSON,PERSON,PERSON,PERSON,PERSON,EVENT,Dustin Alexander_20
ORG,CARDINAL,CARDINAL,LANGUAGE,GPE,ORG,Dustin Alexander_20
PERSON,PERSON,ORG,PERSON,ORG,PERSON,Daniel Rickenson_2
ORG,PERSON,PERSON,PERSON,ORG,PERSON,Daniel Rickenson_2
CARDINAL,ORG,PERSON,PERSON,PERSON,CARDINAL,Daniel Rickenson_2
DATE,ORG,ORG,ORG,PERSON,FAC,Daniel Rickenson_2
ORG,ORG,CARDINAL,ORG,ORG,PERSON,Daniel Rickenson_2
CARDINAL,ORG,EVENT,EVENT,ORG,PERSON,Daniel Rickenson_2
ORG,CARDINAL,EVENT,ORG,EVENT,FAC,Daniel Rickenson_2
EVENT,ORG,ORG,ORG,EVENT,FAC,Daniel Rickenson_2
EVENT,EVENT,ORG,CARDINAL,ORG,FAC,Daniel Rickenson_2
ORG,CARDINAL,DATE,ORG,PERSON,ORG,Daniel Rickenson_2
CARDINAL,ORG,ORG,GPE,PERSON,CARDINAL,Daniel Rickenson_2
PERSON,CARDINAL,GPE,ORG,ORG,GPE,Daniel Rickenson_2
PERSON,CARDINAL,CARDINAL,PERSON,PERSON,WORK_OF_ART,Daniel Rickenson_3
PERSON,QUANTITY,DATE,ORG,PERSON,PRODUCT,Daniel Rickenson_3
ORG,DATE,GPE,ORG,PERSON,PRODUCT,Daniel Rickenson_3
PERSON,PERSON,PERSON,PERSON,ORG,PERSON,Daniel Rickenson_7
PERSON,PERSON,ORG,PERSON,ORG,PERSON,Daniel Rickenson_7
ORG,PERSON,PERSON,PERSON,ORG,PERSON,Daniel Rickenson_7
PERSON,PERSON,PERSON,PERSON,ORG,PERSON,Daniel Rickenson_7
PERSON,PERSON,PERSON,PERSON,ORG,PERSON,Daniel Rickenson_7
PERSON,PERSON,PERSON,PERSON,ORG,PERSON,Daniel Rickenson_7
PERSON,PERSON,PERSON,PERSON,ORG,PERSON,Daniel Rickenson_7
PERSON,PERSON,ORG,PERSON,ORG,PERSON,Daniel Rickenson_7
ORG,PERSON,PERSON,PERSON,ORG,PERSON,Daniel Rickenson_7
PERSON,PERSON,PERSON,ORG,ORG,PERSON,Daniel Rickenson_7
PERSON,ORG,ORG,ORG,ORG,PERSON,Daniel Rickenson_7
ORG,PERSON,ORG,PERSON,ORG,PERSON,Daniel Rickenson_7
ORG,ORG,PERSON,ORG,ORG,PERSON,Daniel Rickenson_7
PERSON,ORG,PERSON,PERSON,ORG,PERSON,Daniel Rickenson_7
PERSON,PERSON,PERSON,ORG,ORG,PERSON,Daniel Rickenson_7
PERSON,ORG,PERSON,PERSON,ORG,PERSON,Daniel Rickenson_7
PERSON,PERSON,ORG,PERSON,ORG,PERSON,Daniel Rickenson_7
PERSON,PERSON,PERSON,PERSON,ORG,PERSON,Daniel Rickenson_7
PERSON,PERSON,PERSON,ORG,ORG,PERSON,Daniel Rickenson_7
PERSON,ORG,PERSON,PERSON,ORG,PERSON,Daniel Rickenson_7
PERSON,PERSON,DATE,ORG,ORG,PERSON,Daniel Rickenson_7
ORG,ORG,PERSON,ORG,ORG,PERSON,Daniel Rickenson_7
PERSON,ORG,ORG,PERSON,ORG,PERSON,Daniel Rickenson_7
ORG,PERSON,PERSON,PERSON,ORG,PERSON,Daniel Rickenson_7
PERSON,PERSON,PERSON,ORG,ORG,PERSON,Daniel Rickenson_7
PERSON,ORG,PERSON,PERSON,ORG,PERSON,Daniel Rickenson_7
PERSON,PERSON,ORG,PERSON,ORG,PERSON,Daniel Rickenson_7
ORG,PERSON,PERSON,ORG,ORG,PERSON,Daniel Rickenson_7
PERSON,ORG,PERSON,PERSON,ORG,PERSON,Daniel Rickenson_7
PERSON,PERSON,PERSON,PERSON,ORG,PERSON,Daniel Rickenson_7
PERSON,PERSON,PERSON,ORG,NORP,PERSON,Daniel Rickenson_7
PERSON,NORP,PERSON,ORG,ORG,PERSON,Daniel Rickenson_7
PERSON,ORG,PERSON,PERSON,ORG,PERSON,Daniel Rickenson_7
PERSON,PERSON,PERSON,PERSON,ORG,PERSON,Daniel Rickenson_7
PERSON,PERSON,PERSON,PERSON,ORG,PERSON,Daniel Rickenson_7
PERSON,PERSON,PERSON,PERSON,ORG,PERSON,Daniel Rickenson_7
PERSON,PERSON,PERSON,PERSON,ORG,PERSON,Daniel Rickenson_7
PERSON,PERSON,PERSON,ORG,ORG,PERSON,Daniel Rickenson_7
PERSON,ORG,PERSON,PERSON,ORG,PERSON,Daniel Rickenson_7
PERSON,PERSON,PERSON,PERSON,ORG,PERSON,Daniel Rickenson_7
PERSON,PERSON,PERSON,PERSON,ORG,PERSON,Daniel Rickenson_7
PERSON,PERSON,PERSON,ORG,ORG,PERSON,Daniel Rickenson_7
PERSON,ORG,ORG,PERSON,ORG,PERSON,Daniel Rickenson_7
ORG,PERSON,PERSON,ORG,ORG,PERSON,Daniel Rickenson_7
PERSON,ORG,PERSON,PERSON,ORG,PERSON,Daniel Rickenson_7
PERSON,PERSON,PERSON,PERSON,ORG,PERSON,Daniel Rickenson_7
PERSON,PERSON,ORG,ORG,ORG,PERSON,Daniel Rickenson_7
ORG,PERSON,ORG,PERSON,ORG,PERSON,Daniel Rickenson_7
ORG,ORG,PERSON,PERSON,ORG,PERSON,Daniel Rickenson_7
PERSON,PERSON,PERSON,PERSON,NORP,PERSON,Daniel Rickenson_7
PERSON,PERSON,PERSON,PRODUCT,ORG,PERSON,Daniel Rickenson_7
PRODUCT,PERSON,PERSON,PERSON,ORG,PERSON,Daniel Rickenson_7
PERSON,PERSON,ORG,ORG,ORG,PERSON,Daniel Rickenson_7
ORG,PERSON,ORG,ORG,ORG,PERSON,Daniel Rickenson_7
ORG,ORG,ORG,ORG,ORG,PERSON,Daniel Rickenson_7
ORG,ORG,ORG,ORG,PERSON,ORG,Daniel Rickenson_9
GPE,PERSON,ORG,ORG,ORG,PERSON,Daniel Rickenson_9
ORG,GPE,ORG,ORG,ORG,PERSON,Daniel Rickenson_9
ORG,ORG,ORG,PERSON,ORG,PERSON,Daniel Rickenson_9
ORG,ORG,PERSON,GPE,ORG,PERSON,Daniel Rickenson_9
GPE,GPE,ORG,PERSON,ORG,PERSON,Daniel Rickenson_9
ORG,GPE,PERSON,PERSON,ORG,PERSON,Daniel Rickenson_9
PERSON,PERSON,PERSON,ORG,ORG,PERSON,Daniel Rickenson_9
PERSON,ORG,ORG,ORG,ORG,PERSON,Daniel Rickenson_9
ORG,PERSON,ORG,PERSON,ORG,PERSON,Daniel Rickenson_9
ORG,ORG,PERSON,ORG,ORG,PERSON,Daniel Rickenson_9
PERSON,ORG,ORG,ORG,ORG,PERSON,Daniel Rickenson_9
ORG,PERSON,ORG,PERSON,ORG,PERSON,Daniel Rickenson_9
ORG,ORG,PERSON,ORG,ORG,PERSON,Daniel Rickenson_9
PERSON,ORG,PERSON,ORG,ORG,PERSON,Daniel Rickenson_9
PERSON,ORG,PERSON,ORG,ORG,PERSON,Daniel Rickenson_9
PERSON,ORG,PERSON,ORG,ORG,PERSON,Daniel Rickenson_9
PERSON,ORG,PERSON,PERSON,ORG,PERSON,Daniel Rickenson_9
ORG,PERSON,ORG,ORG,ORG,PERSON,Daniel Rickenson_9
ORG,ORG,ORG,PERSON,ORG,PERSON,Daniel Rickenson_9
ORG,ORG,PERSON,ORG,ORG,PERSON,Daniel Rickenson_9
PERSON,ORG,PERSON,ORG,ORG,PERSON,Daniel Rickenson_9
PERSON,ORG,ORG,ORG,ORG,PERSON,Daniel Rickenson_9
ORG,PERSON,ORG,ORG,ORG,PERSON,Daniel Rickenson_9
ORG,ORG,ORG,ORG,ORG,PERSON,Daniel Rickenson_9
ORG,ORG,ORG,PERSON,ORG,PERSON,Daniel Rickenson_9
ORG,ORG,PERSON,PERSON,ORG,PERSON,Daniel Rickenson_9
GPE,GPE,ORG,ORG,ORG,PERSON,Daniel Rickenson_9
ORG,GPE,ORG,PERSON,ORG,PERSON,Daniel Rickenson_9
ORG,ORG,PERSON,GPE,ORG,PERSON,Daniel Rickenson_9
PERSON,PERSON,PERSON,ORG,ORG,PERSON,Daniel Rickenson_9
PERSON,ORG,ORG,ORG,ORG,PERSON,Daniel Rickenson_9
ORG,PERSON,ORG,ORG,ORG,PERSON,Daniel Rickenson_9
ORG,ORG,ORG,ORG,ORG,PERSON,Daniel Rickenson_9
ORG,ORG,ORG,ORG,ORG,PERSON,Daniel Rickenson_9
ORG,ORG,ORG,ORG,ORG,PERSON,Daniel Rickenson_9
ORG,ORG,ORG,PERSON,ORG,PERSON,Daniel Rickenson_9
ORG,ORG,PERSON,PERSON,ORG,PERSON,Daniel Rickenson_9
PERSON,PERSON,ORG,ORG,ORG,PERSON,Daniel Rickenson_9
ORG,PERSON,ORG,PERSON,ORG,PERSON,Daniel Rickenson_9
PERSON,ORG,ORG,ORG,ORG,PERSON,Daniel Rickenson_9
ORG,PERSON,ORG,ORG,ORG,PERSON,Daniel Rickenson_9
ORG,ORG,ORG,PERSON,ORG,PERSON,Daniel Rickenson_9
ORG,ORG,PERSON,ORG,ORG,PERSON,Daniel Rickenson_9
PERSON,ORG,ORG,GPE,ORG,PERSON,Daniel Rickenson_9
ORG,PERSON,GPE,ORG,ORG,PERSON,Daniel Rickenson_9
GPE,ORG,PERSON,ORG,ORG,PERSON,Daniel Rickenson_9
PERSON,ORG,ORG,PERSON,ORG,PERSON,Daniel Rickenson_9
ORG,PERSON,PERSON,ORG,ORG,PERSON,Daniel Rickenson_9
PERSON,ORG,ORG,GPE,ORG,PERSON,Daniel Rickenson_9
ORG,PERSON,GPE,PERSON,ORG,PERSON,Daniel Rickenson_9
PERSON,GPE,PERSON,PERSON,ORG,PERSON,Daniel Rickenson_9
ORG,LOC,ORG,PERSON,PERSON,EVENT,Daniel Rickenson_9
ORG,PERSON,DATE,PERSON,PERSON,EVENT,Daniel Rickenson_9
ORG,ORG,ORG,ORG,PERSON,WORK_OF_ART,Daniel Rickenson_11
ORG,PERSON,ORG,ORG,PERSON,ORG,Daniel Rickenson_11
GPE,FAC,PERSON,ORG,ORG,PERSON,Daniel Rickenson_12
ORG,ORG,PERSON,ORG,ORG,PERSON,Daniel Rickenson_12
PERSON,PERSON,ORG,ORG,ORG,PERSON,Daniel Rickenson_12
ORG,ORG,ORG,PERSON,ORG,PERSON,Daniel Rickenson_12
PERSON,PERSON,ORG,PERSON,ORG,FAC,Daniel Rickenson_12
ORG,PERSON,PERSON,PERSON,ORG,LOC,Daniel Rickenson_12
PERSON,ORG,CARDINAL,CARDINAL,PERSON,EVENT,Daniel Rickenson_12
PERSON,PERSON,PERSON,PERSON,ORG,PERSON,Daniel Rickenson_13
PRODUCT,PERSON,PERSON,PERSON,ORG,PERSON,Daniel Rickenson_13
PERSON,PERSON,PERSON,PRODUCT,ORG,PERSON,Daniel Rickenson_13
PERSON,PRODUCT,PERSON,PERSON,ORG,PERSON,Daniel Rickenson_13
PERSON,PERSON,ORG,PERSON,ORG,PERSON,Daniel Rickenson_13
ORG,PERSON,PERSON,PERSON,ORG,PERSON,Daniel Rickenson_13
ORG,ORG,ORG,ORG,PERSON,EVENT,Daniel Rickenson_16
GPE,ORG,ORG,GPE,PERSON,EVENT,Daniel Rickenson_19
PERSON,PERSON,PERSON,ORG,ORG,PERSON,Daniel Rickenson_20
PERSON,ORG,PERSON,PERSON,ORG,PERSON,Daniel Rickenson_20
ORG,PERSON,PERSON,PERSON,ORG,PERSON,Daniel Rickenson_20
PERSON,ORG,ORG,PERSON,NORP,PERSON,Daniel Rickenson_20
PERSON,PERSON,ORG,PERSON,ORG,PERSON,Daniel Rickenson_20
ORG,PERSON,PERSON,PERSON,ORG,PERSON,Daniel Rickenson_20
MONEY,DATE,MONEY,GPE,ORG,FAC,Darrell L Jason_1
DATE,PRODUCT,DATE,PERSON,PERSON,FAC,Darrell L Jason_1
DATE,PERSON,DATE,DATE,PERSON,FAC,Darrell L Jason_1
PERSON,PERSON,PERSON,PERSON,ORG,PERSON,Darrell L Jason_1
PERSON,PERSON,DATE,ORG,PERSON,FAC,Darrell L Jason_1
PERSON,PERSON,ORG,PERSON,DATE,FAC,Darrell L Jason_1
PERSON,ORG,CARDINAL,DATE,ORG,PERSON,Darrell L Jason_1
CARDINAL,ORG,GPE,CARDINAL,DATE,FAC,Darrell L Jason_1
ORG,DATE,ORG,PERSON,PERSON,ORG,Darrell L Jason_1
ORG,DATE,DATE,DATE,EVENT,FAC,Darrell L Jason_1
CARDINAL,CARDINAL,CARDINAL,CARDINAL,EVENT,FAC,Darrell L Jason_1
CARDINAL,CARDINAL,CARDINAL,CARDINAL,CARDINAL,FAC,Darrell L Jason_1
DATE,CARDINAL,CARDINAL,EVENT,EVENT,FAC,Darrell L Jason_1
CARDINAL,EVENT,CARDINAL,PERSON,EVENT,FAC,Darrell L Jason_1
CARDINAL,PERSON,GPE,DATE,PERSON,FAC,Darrell L Jason_1
PERSON,DATE,PERSON,GPE,ORG,FAC,Darrell L Jason_1
PERSON,PERSON,ORG,ORG,ORG,PERSON,Darrell L Jason_1
ORG,PERSON,ORG,GPE,ORG,PERSON,Darrell L Jason_1
ORG,ORG,GPE,GPE,ORG,PERSON,Darrell L Jason_1
ORG,ORG,GPE,GPE,GPE,PERSON,Darrell L Jason_1
GPE,ORG,GPE,PERSON,GPE,PERSON,Darrell L Jason_1
GPE,GPE,PERSON,PERSON,GPE,PERSON,Darrell L Jason_1
PERCENT,PERCENT,PERSON,PERCENT,ORG,PERSON,Darrell L Jason_1
ORG,PERCENT,ORG,ORG,ORG,PERSON,Darrell L Jason_1
ORG,ORG,ORG,ORG,ORG,PERSON,Darrell L Jason_1
ORG,ORG,ORG,ORG,ORG,PERSON,Darrell L Jason_1
ORG,ORG,ORG,ORG,ORG,PERSON,Darrell L Jason_1
ORG,ORG,ORG,ORG,ORG,PERSON,Darrell L Jason_1
ORG,ORG,ORG,PERSON,ORG,PERSON,Darrell L Jason_1
ORG,ORG,PERSON,ORG,ORG,PERSON,Darrell L Jason_1
PERSON,ORG,ORG,ORG,ORG,PERSON,Darrell L Jason_1
ORG,PERSON,ORG,ORG,ORG,PERSON,Darrell L Jason_1
ORG,ORG,ORG,PERSON,ORG,PERSON,Darrell L Jason_1
ORG,ORG,PERSON,GPE,ORG,PERSON,Darrell L Jason_1
PERSON,ORG,PERSON,PERSON,ORG,GPE,Darrell L Jason_1
PERSON,PERSON,PERSON,PERSON,ORG,PERSON,Darrell L Jason_1
GPE,PERSON,PERSON,ORG,ORG,GPE,Darrell L Jason_1
ORG,PERSON,ORG,ORG,PERSON,GPE,Darrell L Jason_2
PERSON,ORG,ORG,PERSON,ORG,GPE,Darrell L Jason_2
PERSON,PERSON,PERSON,ORG,ORG,PERSON,Darrell L Jason_2
PERSON,ORG,PERSON,PERSON,ORG,GPE,Darrell L Jason_2
GPE,GPE,GPE,CARDINAL,PERSON,GPE,Darrell L Jason_2
ORG,GPE,GPE,PERSON,PERSON,EVENT,Darrell L Jason_2
PERSON,PERSON,ORG,GPE,ORG,GPE,Darrell L Jason_2
ORG,PERSON,GPE,PERSON,ORG,GPE,Darrell L Jason_2
GPE,PERSON,PERSON,PERSON,ORG,GPE,Darrell L Jason_2
PERSON,PERSON,PERSON,PERSON,ORG,LOC,Darrell L Jason_2
PERSON,PERSON,PERSON,PERSON,ORG,PERSON,Darrell L Jason_2
PERSON,PERSON,GPE,ORG,ORG,LOC,Darrell L Jason_2
PERSON,ORG,PERSON,PERSON,ORG,PERSON,Darrell L Jason_2
PERSON,PERSON,ORG,PERSON,ORG,LOC,Darrell L Jason_2
ORG,PERSON,PERSON,PERSON,ORG,LOC,Darrell L Jason_2
PERSON,PERSON,PERSON,GPE,ORG,PERSON,Darrell L Jason_2
PERSON,PERSON,PERSON,PERSON,ORG,PERSON,Darrell L Jason_2
DATE,CARDINAL,DATE,DATE,ORG,PERSON,Darrell L Jason_5
DATE,DATE,CARDINAL,DATE,ORG,PERSON,Darrell L Jason_5
DATE,CARDINAL,DATE,ORG,WORK_OF_ART,FAC,Darrell L Jason_5
CARDINAL,CARDINAL,PRODUCT,DATE,ORG,FAC,Darrell L Jason_5
ORG,CARDINAL,DATE,CARDINAL,PRODUCT,FAC,Darrell L Jason_5
CARDINAL,DATE,DATE,GPE,PERSON,FAC,Darrell L Jason_5
DATE,ORG,DATE,CARDINAL,ORG,FAC,Darrell L Jason_5
CARDINAL,DATE,DATE,ORG,PERSON,FAC,Darrell L Jason_5
DATE,PERSON,DATE,CARDINAL,ORG,FAC,Darrell L Jason_5
CARDINAL,DATE,DATE,DATE,ORG,FAC,Darrell L Jason_5
PERSON,CARDINAL,PERSON,PERSON,ORG,PERSON,Darrell L Jason_5
PERSON,PERSON,PERSON,PERSON,ORG,PERSON,Darrell L Jason_5
ORG,ORG,GPE,ORG,MONEY,FAC,Darrell L Jason_5
MONEY,ORG,ORG,ORG,GPE,ORG,Darrell L Jason_5
ORG,GPE,CARDINAL,ORG,ORG,PERSON,Darrell L Jason_5
CARDINAL,ORG,PERSON,PERSON,ORG,PERSON,Darrell L Jason_5
PERSON,PERSON,PERSON,ORG,ORG,PERSON,Darrell L Jason_5
PERSON,ORG,PERSON,ORG,ORG,PERSON,Darrell L Jason_5
PERSON,ORG,ORG,PERSON,ORG,PERSON,Darrell L Jason_5
ORG,PERSON,PERSON,PERSON,ORG,PERSON,Darrell L Jason_5
PERSON,PERSON,ORG,PERSON,ORG,PERSON,Darrell L Jason_5
ORG,PERSON,PERSON,PERSON,ORG,PERSON,Darrell L Jason_5
ORG,ORG,ORG,PERSON,PERSON,NORP,Darrell L Jason_6
ORG,PERSON,PERSON,ORG,PERSON,NORP,Darrell L Jason_6
PERSON,ORG,ORG,PERSON,PERSON,NORP,Darrell L Jason_6
ORG,ORG,ORG,NORP,PERSON,PRODUCT ,Darrell L Jason_6
PERSON,ORG,NORP,ORG,ORG,PRODUCT ,Darrell L Jason_6
ORG,ORG,ORG,ORG,ORG,PRODUCT ,Darrell L Jason_6
CARDINAL,DATE,ORG,ORG,PERSON,WORK_OF_ART,Darrell L Jason_7
DATE,DATE,ORG,DATE,ORG,PERSON,Darrell L Jason_7
PERSON,CARDINAL,ORG,PERSON,PERSON,LOC,Darrell L Jason_7
DATE,DATE,DATE,DATE,EVENT,DATE,Darrell L Jason_7
CARDINAL,CARDINAL,CARDINAL,CARDINAL,PERSON,LOC,Darrell L Jason_7
WORK_OF_ART,GPE,DATE,PERSON,PERSON,WORK_OF_ART,Darrell L Jason_8
DATE,LOC,GPE,GPE,GPE,EVENT,Darrell L Jason_8
ORG,ORG,GPE,GPE,PERSON,LAW,Darrell L Jason_8
ORG,GPE,PERSON,PERSON,PERSON,WORK_OF_ART,Darrell L Jason_8
PERSON,ORG,PERSON,ORG,PERSON,LAW,Darrell L Jason_8
WORK_OF_ART,GPE,DATE,PERSON,PERSON,WORK_OF_ART,Darrell L Jason_9
DATE,LOC,GPE,GPE,GPE,EVENT,Darrell L Jason_9
ORG,ORG,GPE,GPE,PERSON,LAW,Darrell L Jason_9
ORG,GPE,PERSON,PERSON,PERSON,WORK_OF_ART,Darrell L Jason_9
PERSON,ORG,PERSON,ORG,PERSON,LAW,Darrell L Jason_9
ORG,GPE,ORG,TIME,ORG,PERSON,Darrell L Jason_13
PERSON,CARDINAL,ORG,ORG,ORG,PERSON,Darrell L Jason_13
TIME,PERSON,TIME,ORG,WORK_OF_ART,PERSON,Darrell L Jason_14
TIME,DATE,PERSON,TIME,ORG,PERSON,Darrell L Jason_14
ORG,ORG,ORG,ORG,PERSON,WORK_OF_ART,Darrell L Jason_17
ORG,ORG,DATE,ORG,PERSON,EVENT,Darrell L Jason_17
DATE,PERSON,PERSON,GPE,ORG,PERSON,Darrell L Jason_17
DATE,GPE,PERSON,ORG,ORG,PERSON,Darrell L Jason_17
PERSON,ORG,ORG,PERSON,ORG,PERSON,Darrell L Jason_17
ORG,PERSON,PERSON,ORG,ORG,PERSON,Darrell L Jason_17
PERSON,ORG,PERSON,ORG,ORG,PERSON,Darrell L Jason_17
ORG,PERSON,ORG,PERSON,ORG,PERSON,Darrell L Jason_17
ORG,ORG,PERSON,GPE,ORG,PERSON,Darrell L Jason_17
GPE,PERSON,PERSON,DATE,ORG,PERSON,Darrell L Jason_17
ORG,CARDINAL,PERSON,GPE,ORG,PERSON,Darrell L Jason_17
PERSON,DATE,ORG,DATE,ORG,PERSON,Darrell L Jason_17
ORG,PERSON,DATE,ORG,ORG,PERSON,Darrell L Jason_17
NORP,DATE,FAC,DATE,PERSON,GPE,Darrell L Jason_18
NORP,ORG,PERSON,ORG,ORG,PERSON,Darrell L Jason_19
DATE,GPE,DATE,DATE,PERSON,WORK_OF_ART,Darrell L Jason_19
PERSON,ORG,PERSON,PERSON,ORG,PERSON,Darrell L Jason_19
PERSON,PERSON,PERSON,ORDINAL,ORG,PERSON,Darrell L Jason_19
DATE,CARDINAL,GPE,GPE,ORG,PERSON,Darrell L Jason_19
ORG,DATE,GPE,PERSON,GPE,PERSON,Darrell L Jason_19
GPE,ORG,PERSON,ORG,GPE,PERSON,Darrell L Jason_19
PERSON,GPE,GPE,DATE,ORG,PERSON,Darrell L Jason_19
ORG,PERSON,DATE,WORK_OF_ART,GPE,PERSON,Darrell L Jason_19
PERSON,WORK_OF_ART,PERSON,NORP,NORP,LANGUAGE,David Nathan_1
DATE,DATE,ORG,CARDINAL,PERSON,GPE,David Nathan_2
ORG,WORK_OF_ART,ORG,ORG,PERSON,WORK_OF_ART,David Nathan_3
ORG,ORG,CARDINAL,GPE,PERSON,FAC,David Nathan_3
ORG,ORG,PERSON,ORG,PERSON,ORG,David Nathan_4
PERSON,ORG,ORG,ORG,PERSON,ORG,David Nathan_4
ORG,DATE,CARDINAL,DATE,PERSON,EVENT,David Nathan_4
MONEY,PERSON,ORG,PERSON,PERSON,ORG,David Nathan_8
PERSON,MONEY,PERSON,PERSON,ORG,GPE,David Nathan_8
ORDINAL,CARDINAL,CARDINAL,CARDINAL,ORG,PERSON,David Nathan_10
CARDINAL,PERSON,CARDINAL,MONEY,PERSON,EVENT,David Nathan_14
PRODUCT,ORG,CARDINAL,NORP,ORG,PERSON,David Nathan_14
ORG,GPE,PERSON,GPE,PERSON,WORK_OF_ART,David Nathan_16
FAC,DATE,DATE,CARDINAL,ORG,FAC,David Nathan_16
ORG,GPE,PERSON,GPE,PERSON,WORK_OF_ART,David Nathan_17
FAC,DATE,DATE,CARDINAL,ORG,FAC,David Nathan_17
GPE,ORG,ORG,ORG,PERSON,EVENT,David Nathan_18
GPE,PERSON,ORG,DATE,ORG,FAC,David Nathan_19
ORG,DATE,PERSON,DATE,ORG,PERSON,David Nathan_19
ORG,ORG,ORG,ORG,PERSON,ORG,David Nathan_19
PERSON,PERSON,ORG,ORG,ORG,PERSON,David Nathan_19
ORG,PERSON,ORG,PERSON,ORG,PERSON,David Nathan_19
ORG,ORG,PERSON,PERSON,ORG,PERSON,David Nathan_19
GPE,PERSON,ORG,PERSON,ORG,PERSON,David Nathan_20
ORG,GPE,PERSON,DATE,ORG,FAC,David Nathan_20
DATE,PERSON,ORG,DATE,GPE,PERSON,David Nathan_20
ORG,ORG,CARDINAL,GPE,ORG,PERSON,Manideep Bora_5
CARDINAL,DATE,DATE,ORG,LAW,FAC,Manideep Bora_6
CARDINAL,PERSON,CARDINAL,PERSON,ORG,NORP,Manideep Bora_6
ORG,ORG,DATE,GPE,ORG,GPE,Manideep Bora_7
DATE,CARDINAL,ORG,DATE,PERSON,LOC,Manideep Bora_7
ORG,ORG,PERSON,ORG,ORG,GPE,Manideep Bora_8
CARDINAL,ORG,CARDINAL,CARDINAL,PERSON,PRODUCT,Manideep Bora_8
CARDINAL,DATE,WORK_OF_ART,ORG,PERSON,PRODUCT,Manideep Bora_8
ORG,ORG,CARDINAL,CARDINAL,PERSON,PRODUCT,Manideep Bora_8
CARDINAL,GPE,ORG,CARDINAL,PERSON,PRODUCT,Manideep Bora_8
WORK_OF_ART,DATE,GPE,ORG,PERSON,FAC,Manideep Bora_8
ORG,ORG,CARDINAL,ORG,PERSON,ORG,Manideep Bora_12
CARDINAL,PERSON,PERSON,PERSON,ORG,LOC,Manideep Bora_12
ORG,CARDINAL,PERSON,GPE,PERSON,GPE ,Manideep Bora_12
PERSON,ORG,GPE,PERSON,PERSON,LOC,Manideep Bora_12
PERSON,DATE,ORG,PERSON,PERSON,GPE ,Manideep Bora_12
GPE,PERSON,PERSON,ORG,PERSON,GPE ,Manideep Bora_12
PERSON,GPE,ORG,PERSON,PERSON,GPE ,Manideep Bora_12
PERSON,ORG,ORG,GPE,PERSON,GPE ,Manideep Bora_12
PERSON,PERSON,GPE,PERSON,ORG,GPE ,Manideep Bora_12
GPE,ORG,PERSON,ORG,PERSON,GPE ,Manideep Bora_12
PERSON,GPE,ORG,ORG,PERSON,GPE ,Manideep Bora_12
PERSON,PERSON,ORG,PERSON,ORG,GPE ,Manideep Bora_12
ORG,PERSON,PERSON,ORG,ORG,GPE ,Manideep Bora_12
ORG,ORG,GPE,GPE,PERSON,FAC,Manideep Bora_12
DATE,GPE,GPE,PERSON,PERSON,FAC,Manideep Bora_12
GPE,PERSON,PERSON,ORG,PERSON,FAC,Manideep Bora_12
PERSON,GPE,ORG,ORG,PERSON,FAC,Manideep Bora_12
CARDINAL,ORG,PERSON,ORG,PERSON,FAC,Manideep Bora_12
DATE,GPE,PERSON,PERSON,ORG,FAC,Manideep Bora_13
DATE,EVENT,PERSON,PERSON,ORG,FAC,Manideep Bora_13
DATE,GPE,PERSON,PERSON,EVENT,FAC,Manideep Bora_13
ORG,PERSON,ORG,PERSON,PERSON,FAC,Manideep Bora_13
GPE,CARDINAL,PERSON,PERSON,ORG,FAC,Manideep Bora_13
CARDINAL,CARDINAL,ORG,PERSON,PERSON,FAC,Manideep Bora_13
DATE,CARDINAL,PERSON,PERSON,PERSON,FAC,Manideep Bora_13
DATE,CARDINAL,PERSON,CARDINAL,EVENT,FAC,Manideep Bora_13
CARDINAL,PERSON,ORG,PERSON,PERSON,FAC,Manideep Bora_13
CARDINAL,CARDINAL,PERSON,PERSON,ORG,FAC,Manideep Bora_13
ORG,GPE,GPE,CARDINAL,PERSON,FAC,Manideep Bora_13
LANGUAGE,ORG,QUANTITY,WORK_OF_ART,ORG,GPE,Manideep Bora_14
ORG,ORG,CARDINAL,CARDINAL,PERSON,ORG,Manideep Bora_14
DATE,CARDINAL,PERSON,CARDINAL,PERSON,ORG,Manideep Bora_14
PERSON,DATE,CARDINAL,DATE,PERSON,FAC,Manideep Bora_14
CARDINAL,DATE,PERSON,PERSON,PERSON,FAC,Manideep Bora_14
PERSON,CARDINAL,PERSON,PERSON,PERSON,FAC,Manideep Bora_14
PERSON,PERSON,PERSON,ORG,PERSON,FAC,Manideep Bora_14
CARDINAL,CARDINAL,ORG,TIME,PERSON,FAC,Manideep Bora_14
TIME,ORG,CARDINAL,CARDINAL,PERSON,ORG,Manideep Bora_14
CARDINAL,CARDINAL,WORK_OF_ART,DATE,PERSON,FAC,Manideep Bora_14
ORG,ORG,ORG,PERSON,PERSON,ORG,Manideep Bora_14
ORG,PERSON,ORG,ORG,PERSON,ORG,Manideep Bora_14
ORG,ORG,GPE,PERSON,ORG,GPE,Manideep Bora_14
GPE,ORG,PERSON,GPE,PERSON,GPE,Manideep Bora_14
PERSON,GPE,GPE,NORP,PERSON,GPE,Manideep Bora_14
GPE,PERSON,GPE,PERSON,NORP,GPE,Manideep Bora_14
GPE,NORP,ORG,ORG,PERSON,GPE,Manideep Bora_14
ORG,ORG,WORK_OF_ART,GPE,PERSON,WORK_OF_ART,Manideep Bora_14
WORK_OF_ART,PERSON,ORG,DATE,GPE,WORK_OF_ART,Manideep Bora_14
ORG,DATE,GPE,TIME,PERSON,EVENT,Manideep Bora_15
DATE,CARDINAL,ORG,ORG,PERSON,ORG,Manideep Bora_15
TIME,ORG,ORG,ORG,PERSON,ORG,Manideep Bora_15
CARDINAL,CARDINAL,CARDINAL,DATE,ORG,PERSON,Manideep Bora_17
CARDINAL,CARDINAL,CARDINAL,ORG,ORG,PERSON,Manideep Bora_17
CARDINAL,ORG,CARDINAL,CARDINAL,ORG,PERSON,Manideep Bora_17
CARDINAL,CARDINAL,CARDINAL,CARDINAL,ORG,PERSON,Manideep Bora_17
CARDINAL,CARDINAL,CARDINAL,CARDINAL,ORG,PERSON,Manideep Bora_17
CARDINAL,PERSON,CARDINAL,ORG,ORG,PERSON,Manideep Bora_17
CARDINAL,ORG,CARDINAL,PERSON,ORG,PERSON,Manideep Bora_17
CARDINAL,CARDINAL,CARDINAL,CARDINAL,ORG,PERSON,Manideep Bora_17
CARDINAL,ORG,CARDINAL,CARDINAL,ORG,PERSON,Manideep Bora_17
CARDINAL,CARDINAL,CARDINAL,DATE,ORG,PERSON,Manideep Bora_17
CARDINAL,CARDINAL,CARDINAL,ORG,PERSON,PERSON,Manideep Bora_17
CARDINAL,PERSON,CARDINAL,CARDINAL,ORG,PERSON,Manideep Bora_17
CARDINAL,CARDINAL,CARDINAL,ORG,ORG,PERSON,Manideep Bora_17
CARDINAL,ORG,CARDINAL,ORG,ORG,PERSON,Manideep Bora_17
CARDINAL,CARDINAL,CARDINAL,CARDINAL,ORG,PERSON,Manideep Bora_17
CARDINAL,CARDINAL,CARDINAL,ORG,GPE,PERSON,Manideep Bora_17
ORG,CARDINAL,ORG,ORG,ORG,PERSON,Manideep Bora_17
ORG,ORG,ORG,ORG,ORG,PERSON,Manideep Bora_17
ORG,ORG,ORG,CARDINAL,ORG,PERSON,Manideep Bora_17
ORG,ORG,CARDINAL,ORG,ORG,PERSON,Manideep Bora_17
CARDINAL,ORG,PERSON,WORK_OF_ART,ORG,PERSON,Manideep Bora_17
CARDINAL,WORK_OF_ART,PERSON,ORG,ORG,PERSON,Manideep Bora_17
PERSON,ORG,ORG,ORG,ORG,PERSON,Manideep Bora_17
ORG,PERSON,ORG,GPE,ORG,PERSON,Manideep Bora_17
ORG,ORG,GPE,FAC,ORG,PERSON,Manideep Bora_17
ORG,ORG,FAC,CARDINAL,GPE,PERSON,Manideep Bora_17
GPE,ORG,CARDINAL,ORG,FAC,PERSON,Manideep Bora_17
FAC,GPE,ORG,ORG,CARDINAL,PERSON,Manideep Bora_17
CARDINAL,FAC,ORG,CARDINAL,ORG,PERSON,Manideep Bora_17
ORG,CARDINAL,CARDINAL,ORG,ORG,PERSON,Manideep Bora_17
ORG,ORG,ORG,ORG,CARDINAL,PERSON,Manideep Bora_17
CARDINAL,ORG,ORG,ORG,ORG,PERSON,Manideep Bora_17
ORG,CARDINAL,ORG,CARDINAL,ORG,PERSON,Manideep Bora_17
ORG,ORG,CARDINAL,PERSON,ORG,PERSON,Manideep Bora_17
PERSON,CARDINAL,ORG,DATE,ORG,PERSON,Manideep Bora_17
ORG,PERSON,DATE,ORG,ORG,PERSON,Manideep Bora_17
ORG,ORG,ORG,PERSON,DATE,PERSON,Manideep Bora_17
DATE,ORG,PERSON,CARDINAL,ORG,PERSON,Manideep Bora_17
NORP,DATE,LAW,PERSON,PERSON,NORP,Manideep Bora_20
LAW,PERSON,DATE,ORG,PERSON,NORP,Manideep Bora_20
ORG,PERSON,PERSON,PERSON,PERSON,PRODUCT,Manideep Bora_20
PERSON,ORG,PERSON,GPE,PERSON,PRODUCT,Manideep Bora_20
PERSON,PERSON,GPE,PERSON,PERSON,PRODUCT,Manideep Bora_20
ORG,PERSON,DATE,NORP,GPE,LANGUAGE,Manideep Bora_20
